from,from_s,to,to_s,overlap
1,+,2,+,*
2,+,118,+,*
2,+,126,+,*
3,+,153,+,*
3,-,151,-,*
4,+,134,+,*
4,-,132,-,*
5,+,138,+,*
5,-,136,-,*
6,+,146,+,*
6,-,144,-,*
7,+,174,+,*
7,-,172,-,*
8,+,160,+,*
8,-,158,-,*
9,+,172,+,*
9,-,170,-,*
10,+,110,+,*
10,-,137,-,*
11,+,12,+,*
11,+,131,+,*
11,-,129,-,*
12,+,132,+,*
12,-,130,-,*
13,+,139,+,*
13,-,138,-,*
14,+,130,+,*
14,-,128,-,*
15,+,16,+,*
15,-,120,-,*
16,+,17,+,*
16,+,121,+,*
16,-,120,-,*
17,+,18,+,*
18,+,19,+,*
18,+,122,+,*
18,-,121,-,*
19,+,20,+,*
20,+,21,+,*
20,+,80,+,*
20,+,123,+,*
20,+,128,+,*
20,-,122,-,*
21,+,22,+,*
22,+,23,+,*
22,+,60,+,*
22,+,125,+,*
22,-,124,-,*
23,+,24,+,*
24,+,25,+,*
24,+,77,+,*
24,+,126,+,*
24,-,125,-,*
25,+,26,+,*
25,+,127,+,*
26,+,27,+,*
26,+,128,+,*
26,-,61,-,*
26,-,126,-,*
27,+,28,+,*
28,+,130,+,*
29,+,169,+,*
29,-,167,-,*
30,+,108,+,*
30,-,173,-,*
31,+,166,+,*
31,-,164,-,*
32,+,164,+,*
32,-,162,-,*
33,+,137,+,*
33,-,135,-,*
34,+,152,+,*
34,-,150,-,*
35,+,162,+,*
35,-,160,-,*
36,+,170,+,*
36,-,168,-,*
37,+,143,+,*
37,-,141,-,*
38,+,154,+,*
38,-,152,-,*
39,+,143,+,*
39,-,141,-,*
40,+,149,+,*
40,-,147,-,*
41,+,151,+,*
41,-,149,-,*
42,+,170,+,*
42,-,168,-,*
43,+,44,+,*
43,+,155,+,*
43,-,153,-,*
44,+,45,+,*
44,+,156,+,*
44,-,154,-,*
45,+,157,+,*
45,-,155,-,*
46,+,170,+,*
46,-,168,-,*
47,+,142,+,*
47,-,140,-,*
48,+,108,+,*
48,-,173,-,*
49,+,151,+,*
49,-,149,-,*
50,+,169,+,*
50,-,167,-,*
51,+,108,+,*
51,-,173,-,*
52,+,128,+,*
52,-,126,-,*
53,+,135,+,*
53,-,133,-,*
54,+,140,+,*
54,-,110,-,*
55,+,158,+,*
55,-,156,-,*
56,+,110,+,*
56,-,137,-,*
57,+,148,+,*
57,-,146,-,*
58,+,167,+,*
58,-,165,-,*
59,+,167,+,*
59,-,165,-,*
60,+,61,+,*
62,+,129,+,*
62,-,127,-,*
63,+,141,+,*
63,-,139,-,*
64,+,129,+,*
64,-,127,-,*
65,+,131,+,*
65,-,129,-,*
66,+,161,+,*
66,-,159,-,*
67,+,135,+,*
67,-,133,-,*
68,+,133,+,*
68,-,131,-,*
69,+,161,+,*
69,-,159,-,*
70,+,152,+,*
70,-,150,-,*
71,+,136,+,*
71,-,134,-,*
72,+,160,+,*
72,-,158,-,*
73,+,147,+,*
73,-,145,-,*
74,+,148,+,*
74,-,146,-,*
75,+,146,+,*
75,-,144,-,*
76,+,168,+,*
76,-,166,-,*
77,+,127,+,*
78,+,132,+,*
78,-,130,-,*
79,+,158,+,*
79,-,156,-,*
80,+,182,+,*
81,+,82,+,*
81,-,146,-,*
82,+,83,+,*
83,+,152,+,*
83,-,150,-,*
84,+,166,+,*
84,-,164,-,*
85,+,164,+,*
85,-,162,-,*
86,+,163,+,*
86,-,161,-,*
87,+,146,+,*
87,-,144,-,*
88,+,157,+,*
88,-,155,-,*
89,+,90,+,*
89,-,110,-,*
90,+,141,+,*
91,+,171,+,*
91,-,169,-,*
92,+,141,+,*
92,-,139,-,*
93,+,168,+,*
93,-,166,-,*
94,+,134,+,*
94,-,132,-,*
95,+,155,+,*
95,-,153,-,*
96,+,164,+,*
96,-,162,-,*
97,+,145,+,*
97,-,143,-,*
98,+,165,+,*
98,-,163,-,*
99,+,144,+,*
99,-,142,-,*
100,+,156,+,*
100,-,154,-,*
101,+,136,+,*
101,-,134,-,*
102,+,159,+,*
102,-,157,-,*
103,+,166,+,*
103,-,164,-,*
104,+,172,+,*
104,-,170,-,*
105,+,136,+,*
105,-,134,-,*
106,+,173,+,*
106,-,171,-,*
107,+,162,+,*
107,-,160,-,*
108,+,109,+,*
108,+,175,+,*
108,-,174,-,*
109,+,176,+,*
110,+,139,+,*
110,-,138,-,*
111,+,131,+,*
111,-,129,-,*
112,+,133,+,*
112,-,131,-,*
113,+,130,+,*
113,-,128,-,*
114,+,145,+,*
114,-,143,-,*
115,+,159,+,*
115,-,157,-,*
116,+,147,+,*
116,-,145,-,*
117,+,171,+,*
117,-,169,-,*
118,+,119,+,*
118,+,131,+,*
119,+,120,+,*
119,+,127,+,*
123,+,124,+,*
123,+,180,+,*
126,+,127,+,*
127,+,128,+,*
128,+,129,+,*
129,+,130,+,*
130,+,131,+,*
131,+,132,+,*
132,+,133,+,*
133,+,134,+,*
134,+,135,+,*
135,+,136,+,*
136,+,137,+,*
137,+,138,+,*
139,+,140,+,*
140,+,141,+,*
141,+,142,+,*
142,+,143,+,*
143,+,144,+,*
144,+,145,+,*
145,+,146,+,*
146,+,147,+,*
146,+,152,+,*
147,+,148,+,*
147,+,177,+,*
148,+,149,+,*
148,+,152,+,*
149,+,150,+,*
149,+,178,+,*
150,+,151,+,*
151,+,152,+,*
151,+,181,+,*
152,+,153,+,*
153,+,154,+,*
154,+,155,+,*
155,+,156,+,*
156,+,157,+,*
157,+,158,+,*
158,+,159,+,*
159,+,160,+,*
160,+,161,+,*
161,+,162,+,*
162,+,163,+,*
163,+,164,+,*
164,+,165,+,*
165,+,166,+,*
166,+,167,+,*
166,+,173,+,*
167,+,168,+,*
168,+,169,+,*
169,+,170,+,*
170,+,171,+,*
171,+,172,+,*
171,+,179,+,*
171,+,183,+,*
172,+,173,+,*
173,+,174,+,*
175,+,176,+,*
176,+,177,+,*
177,+,178,+,*
178,+,179,+,*
179,+,180,+,*
180,+,181,+,*
181,+,182,+,*
182,+,183,+,*
183,+,270,+,*
183,+,283,+,*
184,+,303,+,*
184,-,301,-,*
185,+,313,+,*
185,-,311,-,*
186,+,187,+,*
186,+,263,+,*
186,+,316,+,*
186,-,314,-,*
187,+,317,+,*
187,-,315,-,*
188,+,264,+,*
188,+,314,+,*
188,-,312,-,*
189,+,279,+,*
189,-,277,-,*
190,+,317,+,*
190,-,315,-,*
191,+,278,+,*
191,-,276,-,*
192,+,280,+,*
192,-,278,-,*
193,+,308,+,*
193,-,306,-,*
194,+,298,+,*
194,-,216,-,*
195,+,308,+,*
195,-,306,-,*
196,+,275,+,*
196,-,273,-,*
197,+,310,+,*
197,-,308,-,*
198,+,292,+,*
198,-,290,-,*
199,+,289,+,*
199,-,287,-,*
200,+,299,+,*
200,-,297,-,*
201,+,278,+,*
201,-,276,-,*
202,+,316,+,*
202,-,314,-,*
203,+,321,+,*
203,-,319,-,*
204,+,288,+,*
204,-,286,-,*
205,+,306,+,*
205,-,304,-,*
206,+,274,+,*
206,-,272,-,*
207,+,286,+,*
207,-,284,-,*
208,+,302,+,*
208,-,300,-,*
209,+,210,+,*
209,+,319,+,*
209,-,317,-,*
210,+,211,+,*
211,+,322,+,*
211,-,320,-,*
212,+,320,+,*
212,-,318,-,*
213,+,287,+,*
213,-,285,-,*
214,+,282,+,*
214,-,280,-,*
215,+,322,+,*
215,-,320,-,*
216,+,223,+,*
216,+,241,+,*
216,+,297,+,*
216,+,307,+,*
216,-,230,-,*
216,-,235,-,*
216,-,239,-,*
216,-,271,-,*
216,-,296,-,*
217,+,305,+,*
217,-,303,-,*
218,+,293,+,*
218,-,291,-,*
219,+,286,+,*
219,-,284,-,*
220,+,290,+,*
220,-,288,-,*
221,+,314,+,*
221,-,312,-,*
222,+,291,+,*
222,-,289,-,*
223,+,298,+,*
224,+,294,+,*
224,-,292,-,*
225,+,287,+,*
225,-,285,-,*
226,+,302,+,*
226,-,300,-,*
227,+,306,+,*
227,-,304,-,*
228,+,285,+,*
228,-,283,-,*
229,+,311,+,*
229,-,309,-,*
230,-,295,-,*
231,+,303,+,*
231,-,301,-,*
232,+,294,+,*
232,-,292,-,*
233,+,307,+,*
233,-,305,-,*
234,+,302,+,*
234,-,300,-,*
235,-,295,-,*
236,+,293,+,*
236,-,291,-,*
237,+,285,+,*
237,-,283,-,*
238,+,289,+,*
238,-,287,-,*
239,-,295,-,*
240,+,311,+,*
240,-,309,-,*
241,+,298,+,*
242,+,312,+,*
242,-,310,-,*
243,+,321,+,*
243,-,319,-,*
244,+,276,+,*
244,-,274,-,*
245,+,277,+,*
245,-,275,-,*
246,+,290,+,*
246,-,288,-,*
247,+,319,+,*
247,-,263,-,*
247,-,317,-,*
248,+,284,+,*
248,-,282,-,*
249,+,319,+,*
249,-,317,-,*
250,+,297,+,*
250,-,296,-,*
251,+,279,+,*
251,-,277,-,*
252,+,296,+,*
252,-,294,-,*
253,+,294,+,*
253,-,292,-,*
254,+,295,+,*
254,-,293,-,*
255,+,282,+,*
255,-,280,-,*
256,+,307,+,*
256,-,305,-,*
257,+,300,+,*
257,-,298,-,*
258,+,284,+,*
258,-,282,-,*
259,+,279,+,*
259,-,277,-,*
260,+,301,+,*
260,-,299,-,*
261,+,313,+,*
261,-,311,-,*
262,+,318,+,*
262,-,316,-,*
264,+,317,+,*
265,+,282,+,*
265,-,280,-,*
266,+,289,+,*
266,-,287,-,*
267,+,310,+,*
267,-,308,-,*
268,+,276,+,*
268,-,274,-,*
269,+,313,+,*
269,-,311,-,*
270,+,271,+,*
270,+,277,+,*
271,+,272,+,*
272,+,273,+,*
273,+,274,+,*
274,+,275,+,*
275,+,276,+,*
276,+,277,+,*
276,+,280,+,*
277,+,278,+,*
278,+,279,+,*
279,+,280,+,*
280,+,281,+,*
281,+,282,+,*
282,+,283,+,*
283,+,284,+,*
284,+,285,+,*
285,+,286,+,*
286,+,287,+,*
287,+,288,+,*
288,+,289,+,*
289,+,290,+,*
290,+,291,+,*
290,+,293,+,*
291,+,292,+,*
291,+,318,+,*
292,+,293,+,*
293,+,294,+,*
294,+,295,+,*
295,+,296,+,*
297,+,298,+,*
298,+,299,+,*
299,+,300,+,*
299,+,302,+,*
300,+,301,+,*
301,+,302,+,*
302,+,303,+,*
303,+,304,+,*
304,+,305,+,*
305,+,306,+,*
306,+,307,+,*
307,+,308,+,*
308,+,309,+,*
309,+,310,+,*
310,+,311,+,*
311,+,312,+,*
312,+,313,+,*
313,+,314,+,*
314,+,315,+,*
315,+,316,+,*
316,+,317,+,*
317,+,318,+,*
318,+,319,+,*
319,+,320,+,*
320,+,321,+,*
321,+,322,+,*
321,+,323,+,*
322,+,323,+,*
323,+,351,+,*
323,+,353,+,*
323,+,365,+,*
324,+,369,+,*
324,-,364,-,*
325,+,326,+,*
325,+,359,+,*
325,-,357,-,*
326,+,327,+,*
327,+,362,+,*
327,-,360,-,*
328,+,355,+,*
328,-,353,-,*
329,+,358,+,*
329,-,356,-,*
330,+,369,+,*
330,-,364,-,*
331,+,360,+,*
331,-,358,-,*
332,+,363,+,*
332,-,361,-,*
333,+,361,+,*
333,-,359,-,*
334,+,361,+,*
334,-,359,-,*
335,+,369,+,*
335,-,364,-,*
336,+,349,+,*
336,+,364,+,*
336,-,362,-,*
337,+,354,+,*
337,-,352,-,*
338,+,365,+,*
338,-,363,-,*
339,+,359,+,*
339,-,357,-,*
340,+,360,+,*
340,-,358,-,*
341,+,353,+,*
341,-,351,-,*
342,+,360,+,*
342,-,358,-,*
343,+,356,+,*
343,-,354,-,*
344,+,361,+,*
344,-,359,-,*
345,+,358,+,*
345,-,356,-,*
346,+,356,+,*
346,-,354,-,*
347,+,363,+,*
347,-,361,-,*
348,+,357,+,*
348,-,355,-,*
349,+,365,+,*
350,+,365,+,*
350,-,363,-,*
351,+,352,+,*
352,+,353,+,*
353,+,354,+,*
353,+,357,+,*
354,+,355,+,*
355,+,356,+,*
356,+,357,+,*
357,+,358,+,*
358,+,359,+,*
359,+,360,+,*
360,+,361,+,*
361,+,362,+,*
362,+,363,+,*
363,+,364,+,*
364,+,365,+,*
365,+,366,+,*
365,+,367,+,*
365,+,368,+,*
365,+,369,+,*
366,+,373,+,*
367,+,373,+,*
368,+,373,+,*
369,+,370,+,*
369,+,371,+,*
369,+,372,+,*
369,+,373,+,*
370,+,375,+,*
371,+,375,+,*
372,+,375,+,*
373,+,374,+,*
373,+,375,+,*
374,+,377,+,*
375,+,376,+,*
375,+,377,+,*
376,+,379,+,*
377,+,378,+,*
377,+,379,+,*
378,+,383,+,*
379,+,380,+,*
379,+,383,+,*
380,+,384,+,*
381,+,387,+,*
381,-,384,-,*
382,+,387,+,*
382,-,384,-,*
383,+,384,+,*
383,+,385,+,*
384,+,385,+,*
385,+,386,+,*
385,+,387,+,*
386,+,389,+,*
387,+,388,+,*
387,+,389,+,*
388,+,406,+,*
389,+,395,+,*
389,+,405,+,*
389,+,406,+,*
390,+,408,+,*
390,-,406,-,*
391,+,412,+,*
391,-,398,-,*
391,-,410,-,*
392,+,411,+,*
392,-,409,-,*
393,+,409,+,*
393,-,407,-,*
394,+,409,+,*
394,-,407,-,*
395,+,407,+,*
396,+,407,+,*
396,-,406,-,*
397,+,398,+,*
397,-,408,-,*
399,+,413,+,*
399,-,411,-,*
400,+,408,+,*
400,-,406,-,*
401,+,408,+,*
401,-,406,-,*
402,+,410,+,*
402,-,408,-,*
403,+,412,+,*
403,-,410,-,*
404,+,413,+,*
404,-,411,-,*
405,+,407,+,*
406,+,407,+,*
407,+,408,+,*
408,+,409,+,*
409,+,410,+,*
410,+,411,+,*
411,+,412,+,*
412,+,413,+,*
413,+,414,+,*
413,+,415,+,*
414,+,417,+,*
415,+,416,+,*
415,+,417,+,*
416,+,419,+,*
417,+,418,+,*
417,+,419,+,*
418,+,420,+,*
419,+,420,+,*
420,+,425,+,*
420,+,428,+,*
421,+,435,+,*
421,-,431,-,*
422,+,430,+,*
422,-,428,-,*
423,+,431,+,*
423,-,429,-,*
424,+,432,+,*
424,-,430,-,*
425,+,429,+,*
426,+,431,+,*
426,-,429,-,*
427,+,432,+,*
427,-,430,-,*
428,+,429,+,*
428,+,432,+,*
429,+,430,+,*
430,+,431,+,*
431,+,432,+,*
432,+,433,+,*
432,+,434,+,*
432,+,435,+,*
433,+,438,+,*
434,+,438,+,*
435,+,436,+,*
435,+,437,+,*
435,+,438,+,*
436,+,440,+,*
437,+,440,+,*
438,+,439,+,*
438,+,440,+,*
439,+,443,+,*
440,+,441,+,*
440,+,442,+,*
440,+,443,+,*
441,+,446,+,*
442,+,446,+,*
443,+,444,+,*
443,+,445,+,*
443,+,446,+,*
444,+,449,+,*
445,+,449,+,*
446,+,447,+,*
446,+,448,+,*
446,+,449,+,*
447,+,451,+,*
448,+,451,+,*
449,+,450,+,*
449,+,451,+,*
450,+,454,+,*
451,+,452,+,*
451,+,453,+,*
451,+,454,+,*
452,+,455,+,*
453,+,455,+,*
454,+,455,+,*
455,+,533,+,*
455,+,546,+,*
456,+,554,+,*
456,-,552,-,*
457,+,570,+,*
457,-,568,-,*
458,+,587,+,*
458,-,585,-,*
459,+,543,+,*
459,-,541,-,*
460,+,567,+,*
460,-,565,-,*
461,+,575,+,*
461,-,573,-,*
462,+,569,+,*
462,-,567,-,*
463,+,556,+,*
463,-,554,-,*
464,+,585,+,*
464,-,583,-,*
465,+,584,+,*
465,-,582,-,*
466,+,562,+,*
466,-,560,-,*
467,+,559,+,*
467,-,557,-,*
468,+,587,+,*
468,-,585,-,*
469,+,543,+,*
469,-,541,-,*
470,+,584,+,*
470,-,582,-,*
471,+,560,+,*
471,-,558,-,*
472,+,544,+,*
472,-,542,-,*
473,+,586,+,*
473,-,584,-,*
474,+,583,+,*
474,-,495,-,*
474,-,581,-,*
475,+,544,+,*
475,-,542,-,*
476,+,556,+,*
476,-,554,-,*
477,+,567,+,*
477,-,565,-,*
478,+,575,+,*
478,-,573,-,*
479,+,572,+,*
479,-,570,-,*
480,+,548,+,*
480,-,546,-,*
481,+,562,+,*
481,-,560,-,*
482,+,585,+,*
482,-,583,-,*
483,+,484,+,*
483,-,577,-,*
484,+,485,+,*
484,+,519,+,*
484,+,579,+,*
484,-,578,-,*
485,+,486,+,*
486,+,487,+,*
486,+,494,+,*
486,+,580,+,*
486,-,519,-,*
486,-,579,-,*
487,+,581,+,*
488,+,542,+,*
488,-,540,-,*
489,+,582,+,*
489,-,580,-,*
490,+,580,+,*
490,-,579,-,*
491,+,555,+,*
491,-,553,-,*
492,+,547,+,*
492,-,545,-,*
493,+,557,+,*
493,-,555,-,*
494,+,495,+,*
495,+,582,+,*
495,-,580,-,*
496,+,566,+,*
496,-,564,-,*
497,+,563,+,*
497,-,561,-,*
498,+,573,+,*
498,-,571,-,*
499,+,579,+,*
499,-,578,-,*
500,+,575,+,*
500,-,573,-,*
501,+,566,+,*
501,-,564,-,*
502,+,574,+,*
502,-,572,-,*
503,+,565,+,*
503,-,563,-,*
504,+,569,+,*
504,-,567,-,*
505,+,545,+,*
505,-,543,-,*
506,+,579,+,*
506,-,578,-,*
507,+,566,+,*
507,-,564,-,*
508,+,551,+,*
508,-,549,-,*
509,+,552,+,*
509,-,550,-,*
510,+,570,+,*
510,-,568,-,*
511,+,547,+,*
511,-,545,-,*
512,+,558,+,*
512,-,556,-,*
513,+,541,+,*
513,-,539,-,*
514,+,561,+,*
514,-,559,-,*
515,+,569,+,*
515,-,567,-,*
516,+,557,+,*
516,-,555,-,*
517,+,563,+,*
517,-,561,-,*
518,+,541,+,*
518,-,540,-,*
520,+,577,+,*
520,-,575,-,*
521,+,550,+,*
521,-,548,-,*
522,+,574,+,*
522,-,572,-,*
523,+,569,+,*
523,-,568,-,*
524,+,579,+,*
524,-,578,-,*
525,+,551,+,*
525,-,550,-,*
526,+,578,+,*
526,-,577,-,*
527,+,556,+,*
527,-,554,-,*
528,+,545,+,*
528,-,543,-,*
529,+,561,+,*
529,-,559,-,*
530,+,555,+,*
530,-,553,-,*
531,+,586,+,*
531,-,584,-,*
532,+,547,+,*
532,-,545,-,*
533,+,534,+,*
533,+,551,+,*
534,+,535,+,*
534,+,540,+,*
535,+,536,+,*
535,+,540,+,*
536,+,537,+,*
536,+,540,+,*
537,+,538,+,*
537,+,588,+,*
538,+,539,+,*
538,+,540,+,*
539,+,540,+,*
540,+,541,+,*
541,+,542,+,*
542,+,543,+,*
543,+,544,+,*
544,+,545,+,*
545,+,546,+,*
546,+,547,+,*
547,+,548,+,*
548,+,549,+,*
549,+,550,+,*
550,+,551,+,*
551,+,552,+,*
552,+,553,+,*
553,+,554,+,*
554,+,555,+,*
555,+,556,+,*
556,+,557,+,*
557,+,558,+,*
557,+,564,+,*
558,+,559,+,*
559,+,560,+,*
560,+,561,+,*
561,+,562,+,*
562,+,563,+,*
563,+,564,+,*
564,+,565,+,*
565,+,566,+,*
566,+,567,+,*
567,+,568,+,*
568,+,569,+,*
569,+,570,+,*
570,+,571,+,*
571,+,572,+,*
572,+,573,+,*
573,+,574,+,*
574,+,575,+,*
575,+,576,+,*
576,+,577,+,*
577,+,578,+,*
580,+,581,+,*
581,+,582,+,*
582,+,583,+,*
583,+,584,+,*
584,+,585,+,*
585,+,586,+,*
586,+,587,+,*
587,+,588,+,*
588,+,867,+,*
588,+,1093,+,*
589,+,1257,+,*
589,-,1255,-,*
590,+,1227,+,*
590,-,1225,-,*
591,+,1336,+,*
591,-,1334,-,*
592,+,1128,+,*
592,-,1126,-,*
593,+,688,+,*
593,-,1399,-,*
594,+,1154,+,*
594,-,1152,-,*
595,+,1175,+,*
595,-,1173,-,*
596,+,1163,+,*
596,-,1161,-,*
597,+,1111,+,*
597,-,1109,-,*
598,+,1349,+,*
598,-,1295,-,*
599,+,1226,+,*
599,-,1224,-,*
600,+,1333,+,*
600,-,1332,-,*
601,+,1317,+,*
601,-,1315,-,*
602,+,1176,+,*
602,-,1174,-,*
603,+,1234,+,*
603,-,1232,-,*
604,+,1238,+,*
604,-,1236,-,*
605,+,1265,+,*
605,-,1263,-,*
606,+,1104,+,*
606,-,1103,-,*
607,+,1305,+,*
607,-,1304,-,*
608,+,609,+,*
608,+,1402,+,*
608,-,688,-,*
609,+,697,+,*
609,-,907,-,*
610,+,1112,+,*
610,-,1110,-,*
611,+,1395,+,*
611,-,699,-,*
611,-,875,-,*
612,+,1305,+,*
612,-,1304,-,*
613,+,1127,+,*
613,-,1125,-,*
614,+,649,+,*
614,+,1334,+,*
614,-,773,-,*
615,+,1187,+,*
615,-,1185,-,*
616,+,1112,+,*
616,-,1110,-,*
617,+,1224,+,*
617,-,1222,-,*
618,+,1251,+,*
618,-,1250,-,*
619,+,1311,+,*
619,-,1309,-,*
620,+,1309,+,*
620,-,1307,-,*
621,+,1281,+,*
621,-,1094,-,*
622,+,1405,+,*
622,-,697,-,*
623,+,1162,+,*
623,-,1160,-,*
624,+,1259,+,*
624,-,1168,-,*
625,+,1342,+,*
625,-,1340,-,*
626,+,1395,+,*
626,-,1394,-,*
627,+,1139,+,*
627,-,1137,-,*
628,+,1121,+,*
628,-,1119,-,*
629,+,1404,+,*
629,-,1293,-,*
630,+,1366,+,*
630,-,1364,-,*
631,+,792,+,*
631,+,938,+,*
631,+,1365,+,*
631,-,924,-,*
631,-,1363,-,*
632,+,699,+,*
632,+,874,+,*
632,+,1393,+,*
632,-,703,-,*
632,-,873,-,*
632,-,1391,-,*
633,+,1326,+,*
633,-,1324,-,*
634,+,1114,+,*
634,-,1112,-,*
635,+,1401,+,*
635,-,1400,-,*
636,+,637,+,*
636,-,1227,-,*
637,+,1230,+,*
637,-,1228,-,*
638,+,1302,+,*
638,-,1300,-,*
639,+,1103,+,*
639,-,1101,-,*
640,+,1149,+,*
640,-,1147,-,*
641,+,1138,+,*
641,-,1136,-,*
642,+,924,+,*
642,+,1362,+,*
642,-,1360,-,*
643,+,1230,+,*
643,-,1228,-,*
644,+,786,+,*
644,+,930,+,*
644,-,1402,-,*
645,+,1366,+,*
645,-,1364,-,*
646,+,1116,+,*
646,-,1114,-,*
647,+,1262,+,*
647,-,1260,-,*
648,+,1264,+,*
648,-,1262,-,*
649,+,1335,+,*
649,-,1333,-,*
650,+,1383,+,*
650,-,1381,-,*
651,+,1404,+,*
651,-,1292,-,*
652,+,1237,+,*
652,-,1235,-,*
653,+,1195,+,*
653,-,1193,-,*
654,+,1234,+,*
654,-,1232,-,*
655,+,1127,+,*
655,-,1125,-,*
656,+,1391,+,*
656,-,1389,-,*
657,+,1273,+,*
657,-,1154,-,*
658,+,1345,+,*
658,-,1344,-,*
659,+,1370,+,*
659,-,1369,-,*
660,+,1256,+,*
660,-,1254,-,*
661,+,1186,+,*
661,-,947,-,*
662,+,1337,+,*
662,-,1335,-,*
663,+,1410,+,*
663,-,1408,-,*
664,+,1317,+,*
664,-,1315,-,*
665,+,1404,+,*
665,-,1403,-,*
666,+,667,+,*
666,-,1249,-,*
667,+,668,+,*
667,+,1086,+,*
667,+,1092,+,*
667,+,1251,+,*
667,+,1276,+,*
667,-,712,-,*
667,-,1204,-,*
667,-,1250,-,*
668,+,1252,+,*
669,+,1323,+,*
669,-,1321,-,*
670,+,1165,+,*
670,-,1163,-,*
671,+,1183,+,*
671,-,1181,-,*
672,+,1391,+,*
672,-,1389,-,*
673,+,1308,+,*
673,-,1306,-,*
674,+,1350,+,*
674,-,1304,-,*
675,+,1147,+,*
675,-,1145,-,*
676,+,1308,+,*
676,-,1306,-,*
677,+,785,+,*
677,-,1401,-,*
678,+,1101,+,*
678,-,1061,-,*
679,+,1300,+,*
679,-,739,-,*
679,-,1298,-,*
680,+,1228,+,*
680,-,1226,-,*
681,+,1245,+,*
681,-,1243,-,*
682,+,1374,+,*
682,-,1304,-,*
683,+,1186,+,*
683,-,947,-,*
684,+,1250,+,*
684,-,1248,-,*
685,+,1376,+,*
685,-,711,-,*
686,+,687,+,*
686,-,1164,-,*
687,+,1167,+,*
687,-,1165,-,*
688,+,785,+,*
688,+,1075,+,*
688,+,1401,+,*
688,-,932,-,*
688,-,950,-,*
688,-,1360,-,*
688,-,1400,-,*
689,+,1265,+,*
689,-,1263,-,*
690,+,1112,+,*
690,-,1110,-,*
691,+,1132,+,*
691,-,1130,-,*
692,+,1340,+,*
692,-,1338,-,*
693,+,697,+,*
693,-,930,-,*
694,+,1172,+,*
694,-,1170,-,*
695,+,1227,+,*
695,-,1225,-,*
696,+,1404,+,*
696,-,905,-,*
696,-,1403,-,*
697,+,865,+,*
697,+,1057,+,*
697,+,1404,+,*
697,+,1405,+,*
697,-,785,-,*
697,-,860,-,*
697,-,905,-,*
697,-,930,-,*
697,-,1073,-,*
697,-,1082,-,*
697,-,1352,-,*
697,-,1402,-,*
697,-,1403,-,*
698,+,699,+,*
698,-,1392,-,*
699,+,704,+,*
700,+,1343,+,*
700,-,1341,-,*
701,+,702,+,*
701,-,1385,-,*
702,+,703,+,*
704,+,705,+,*
705,+,706,+,*
706,+,707,+,*
706,+,877,+,*
706,-,876,-,*
707,+,1398,+,*
708,+,1194,+,*
708,-,1192,-,*
709,+,1253,+,*
709,-,1251,-,*
710,+,711,+,*
710,-,1373,-,*
711,+,1010,+,*
711,+,1375,+,*
711,-,881,-,*
711,-,1019,-,*
711,-,1374,-,*
712,-,1249,-,*
713,+,1126,+,*
713,-,1124,-,*
714,+,1161,+,*
714,-,1159,-,*
715,+,1365,+,*
715,-,1363,-,*
716,+,1116,+,*
716,-,1114,-,*
717,+,1172,+,*
717,-,1170,-,*
718,+,1277,+,*
718,-,1156,-,*
719,+,1239,+,*
719,-,1237,-,*
720,+,1269,+,*
720,-,1267,-,*
721,+,1309,+,*
721,-,1307,-,*
722,+,1110,+,*
722,-,1108,-,*
723,+,1266,+,*
723,-,1264,-,*
724,+,1175,+,*
724,-,1173,-,*
725,+,1363,+,*
725,-,1361,-,*
726,+,1358,+,*
726,-,1356,-,*
727,+,728,+,*
727,-,1368,-,*
728,+,729,+,*
728,+,850,+,*
728,+,1370,+,*
728,-,863,-,*
728,-,1054,-,*
728,-,1369,-,*
729,+,1371,+,*
730,+,1242,+,*
730,-,1240,-,*
731,+,1275,+,*
731,-,1214,-,*
732,+,1251,+,*
732,-,1250,-,*
733,+,1300,+,*
733,-,1298,-,*
734,+,1246,+,*
734,-,1244,-,*
735,+,1146,+,*
735,-,1144,-,*
736,+,769,+,*
736,+,1168,+,*
736,-,1166,-,*
737,+,1329,+,*
737,-,1328,-,*
738,+,1166,+,*
738,-,1164,-,*
739,-,1297,-,*
740,+,1400,+,*
740,-,1398,-,*
741,+,1368,+,*
741,-,938,-,*
741,-,1366,-,*
742,+,1313,+,*
742,-,1311,-,*
743,+,1327,+,*
743,-,1325,-,*
744,+,1249,+,*
744,-,1247,-,*
745,+,1247,+,*
745,-,1245,-,*
746,+,1137,+,*
746,-,1135,-,*
747,+,1308,+,*
747,-,1306,-,*
748,+,1400,+,*
748,-,1398,-,*
749,+,1303,+,*
749,-,1301,-,*
750,+,1182,+,*
750,-,1180,-,*
751,+,845,+,*
751,-,1343,-,*
752,+,1183,+,*
752,-,1181,-,*
753,+,1156,+,*
753,-,1154,-,*
754,+,1319,+,*
754,-,1317,-,*
755,+,1168,+,*
755,-,1166,-,*
756,+,1316,+,*
756,-,1314,-,*
757,+,1240,+,*
757,-,1238,-,*
758,+,1397,+,*
758,-,1395,-,*
759,+,1228,+,*
759,-,1226,-,*
760,+,1150,+,*
760,-,1148,-,*
761,+,1154,+,*
761,-,1152,-,*
762,+,1380,+,*
762,-,1378,-,*
763,+,1069,+,*
763,-,1068,-,*
763,-,1156,-,*
764,+,1104,+,*
764,-,1102,-,*
765,+,1110,+,*
765,-,1108,-,*
766,+,1384,+,*
766,-,1288,-,*
767,+,1143,+,*
767,-,1141,-,*
768,+,1286,+,*
768,-,1170,-,*
769,+,1169,+,*
769,-,1167,-,*
770,+,1189,+,*
770,-,1187,-,*
771,+,1108,+,*
771,-,1106,-,*
772,+,773,+,*
772,-,1331,-,*
773,+,1333,+,*
773,-,1332,-,*
774,+,1274,+,*
774,-,1214,-,*
775,+,1131,+,*
775,-,1129,-,*
776,+,1130,+,*
776,-,1128,-,*
777,+,1261,+,*
777,-,1259,-,*
778,+,1247,+,*
778,-,1245,-,*
779,+,1324,+,*
779,-,1322,-,*
780,+,1269,+,*
780,-,1267,-,*
781,+,1241,+,*
781,-,1239,-,*
782,+,1167,+,*
782,-,1165,-,*
783,+,1379,+,*
783,-,1377,-,*
784,+,785,+,*
784,-,1401,-,*
785,+,786,+,*
785,+,859,+,*
785,+,930,+,*
785,+,1032,+,*
785,-,1402,-,*
786,+,860,+,*
786,+,1403,+,*
787,+,1345,+,*
787,-,1344,-,*
788,+,1387,+,*
788,-,1385,-,*
789,+,1185,+,*
789,-,1184,-,*
790,+,1325,+,*
790,-,1323,-,*
791,+,1408,+,*
791,-,1406,-,*
792,+,1366,+,*
793,+,1156,+,*
793,-,1154,-,*
794,+,1367,+,*
794,-,1365,-,*
795,+,1231,+,*
795,-,1229,-,*
796,+,1339,+,*
796,-,1337,-,*
797,+,1266,+,*
797,-,1264,-,*
798,+,1177,+,*
798,-,1175,-,*
799,+,1307,+,*
799,-,1305,-,*
800,+,1373,+,*
800,-,1371,-,*
801,+,1192,+,*
801,-,1190,-,*
802,+,1246,+,*
802,-,1244,-,*
803,+,1326,+,*
803,-,1324,-,*
804,+,1342,+,*
804,-,1340,-,*
805,+,1149,+,*
805,-,1147,-,*
806,+,1270,+,*
806,-,1268,-,*
807,+,1326,+,*
807,-,1033,-,*
807,-,1324,-,*
808,+,1358,+,*
808,-,1356,-,*
809,+,1390,+,*
809,-,1388,-,*
810,+,1225,+,*
810,-,1223,-,*
811,+,1404,+,*
811,-,1403,-,*
812,+,1384,+,*
812,-,1382,-,*
813,+,1352,+,*
813,-,1300,-,*
814,+,1151,+,*
814,-,1149,-,*
815,+,1282,+,*
815,-,1171,-,*
816,+,1311,+,*
816,-,1309,-,*
817,+,1406,+,*
817,-,1404,-,*
818,+,1117,+,*
818,-,1115,-,*
819,+,1164,+,*
819,-,1162,-,*
820,+,1109,+,*
820,-,1107,-,*
821,+,1196,+,*
821,-,1195,-,*
822,+,1116,+,*
822,-,1114,-,*
823,+,1124,+,*
823,-,1122,-,*
824,+,1376,+,*
824,-,1300,-,*
825,+,1154,+,*
825,-,1152,-,*
826,+,1233,+,*
826,-,1231,-,*
827,+,1180,+,*
827,-,1178,-,*
828,+,1268,+,*
828,-,1266,-,*
829,+,1269,+,*
829,-,1267,-,*
830,+,1146,+,*
830,-,1144,-,*
831,+,1030,+,*
831,+,1188,+,*
831,-,1186,-,*
832,+,1138,+,*
832,-,1136,-,*
833,+,1111,+,*
833,-,1109,-,*
834,+,1105,+,*
834,-,1103,-,*
835,+,1145,+,*
835,-,1143,-,*
836,+,1381,+,*
836,-,1379,-,*
837,+,1069,+,*
837,-,1156,-,*
838,+,1106,+,*
838,-,1104,-,*
839,+,1362,+,*
839,-,1360,-,*
840,+,1169,+,*
840,-,1167,-,*
841,+,1244,+,*
841,-,1242,-,*
842,+,1147,+,*
842,-,1145,-,*
843,+,1126,+,*
843,-,1124,-,*
844,+,845,+,*
844,-,1343,-,*
845,+,846,+,*
845,+,1345,+,*
845,-,925,-,*
845,-,1342,-,*
845,-,1344,-,*
846,+,847,+,*
846,+,1346,+,*
847,+,1347,+,*
848,+,1341,+,*
848,-,1339,-,*
849,+,1389,+,*
849,-,1387,-,*
850,+,1371,+,*
851,+,1260,+,*
851,-,1258,-,*
852,+,1131,+,*
852,-,1129,-,*
853,+,1164,+,*
853,-,1162,-,*
854,+,1108,+,*
854,-,1106,-,*
855,+,1377,+,*
855,-,1375,-,*
856,+,1257,+,*
856,-,1255,-,*
857,+,1254,+,*
857,-,1252,-,*
858,+,1267,+,*
858,-,1265,-,*
859,+,860,+,*
860,-,930,-,*
860,-,1032,-,*
861,+,1100,+,*
861,-,1099,-,*
862,+,1253,+,*
862,-,1251,-,*
863,-,1369,-,*
864,+,1148,+,*
864,-,1146,-,*
865,+,1405,+,*
866,+,1391,+,*
866,-,1389,-,*
867,+,1280,+,*
868,+,1153,+,*
868,-,1151,-,*
869,+,1263,+,*
869,-,1261,-,*
870,+,1133,+,*
870,-,1131,-,*
871,+,1375,+,*
871,-,1374,-,*
872,+,1357,+,*
872,-,1355,-,*
873,-,1390,-,*
874,+,875,+,*
874,-,923,-,*
874,-,1392,-,*
875,+,876,+,*
875,+,930,+,*
875,+,1394,+,*
875,+,1395,+,*
875,-,1390,-,*
875,-,1393,-,*
876,+,1395,+,*
877,+,1398,+,*
877,-,1396,-,*
878,+,1177,+,*
878,-,1175,-,*
879,+,1171,+,*
879,-,1169,-,*
880,+,1244,+,*
880,-,1242,-,*
881,-,1373,-,*
882,+,1222,+,*
882,-,1220,-,*
883,+,1125,+,*
883,-,1123,-,*
884,+,1223,+,*
884,-,1221,-,*
885,+,1326,+,*
885,-,1325,-,*
886,+,1229,+,*
886,-,1227,-,*
887,+,1180,+,*
887,-,1178,-,*
888,+,1382,+,*
888,-,1380,-,*
889,+,1069,+,*
889,-,1156,-,*
890,+,1190,+,*
890,-,1188,-,*
891,+,1243,+,*
891,-,1241,-,*
892,+,1248,+,*
892,-,1246,-,*
893,+,1305,+,*
893,-,1304,-,*
894,+,1170,+,*
894,-,1168,-,*
895,+,1155,+,*
895,-,1153,-,*
896,+,1321,+,*
896,-,1319,-,*
897,+,1191,+,*
897,-,1189,-,*
898,+,1153,+,*
898,-,1151,-,*
899,+,1241,+,*
899,-,1239,-,*
900,+,1137,+,*
900,-,1135,-,*
901,+,1377,+,*
901,-,1375,-,*
902,+,1313,+,*
902,-,1311,-,*
903,+,1123,+,*
903,-,1121,-,*
904,+,1331,+,*
904,-,1329,-,*
905,-,930,-,*
906,+,1338,+,*
906,-,1336,-,*
907,+,1402,+,*
907,-,1401,-,*
908,+,1256,+,*
908,-,1254,-,*
909,+,1410,+,*
909,-,1408,-,*
910,+,1409,+,*
910,-,1407,-,*
911,+,1159,+,*
911,-,1069,-,*
912,+,1102,+,*
912,-,1100,-,*
913,+,1264,+,*
913,-,1262,-,*
914,+,1237,+,*
914,-,1235,-,*
915,+,1225,+,*
915,-,1223,-,*
916,+,917,+,*
916,-,1301,-,*
917,+,918,+,*
918,+,919,+,*
919,+,920,+,*
919,+,1305,+,*
919,-,1031,-,*
919,-,1304,-,*
920,+,1306,+,*
921,+,947,+,*
921,-,1183,-,*
922,+,1255,+,*
922,-,1253,-,*
923,-,1391,-,*
925,-,1343,-,*
926,+,1140,+,*
926,-,1138,-,*
927,+,1223,+,*
927,-,1221,-,*
928,+,1340,+,*
928,-,1338,-,*
929,+,1383,+,*
929,-,1381,-,*
930,+,1403,+,*
931,+,1260,+,*
931,-,1258,-,*
932,-,1399,-,*
933,+,1164,+,*
933,-,1162,-,*
934,+,1182,+,*
934,-,1180,-,*
935,+,1236,+,*
935,-,1234,-,*
936,+,1192,+,*
936,-,1190,-,*
937,+,1285,+,*
937,-,1153,-,*
939,+,1339,+,*
939,-,1337,-,*
940,+,1259,+,*
940,-,1257,-,*
941,+,1372,+,*
941,-,1370,-,*
942,+,1224,+,*
942,-,1222,-,*
943,+,1359,+,*
943,-,1357,-,*
944,+,945,+,*
944,-,1180,-,*
945,+,946,+,*
946,+,947,+,*
947,+,1185,+,*
947,-,1184,-,*
948,+,1142,+,*
948,-,1140,-,*
949,+,1143,+,*
949,-,1141,-,*
950,-,1399,-,*
951,+,1374,+,*
951,-,1372,-,*
952,+,1246,+,*
952,-,1244,-,*
953,+,1337,+,*
953,-,1335,-,*
954,+,1113,+,*
954,-,1111,-,*
955,+,1342,+,*
955,-,1340,-,*
956,+,1300,+,*
956,-,1298,-,*
957,+,1394,+,*
957,-,1393,-,*
958,+,1261,+,*
958,-,1154,-,*
959,+,1330,+,*
959,-,1328,-,*
960,+,1184,+,*
960,-,1182,-,*
961,+,1188,+,*
961,-,1186,-,*
962,+,1173,+,*
962,-,1171,-,*
963,+,1233,+,*
963,-,1231,-,*
964,+,1196,+,*
964,-,1194,-,*
965,+,1151,+,*
965,-,1149,-,*
966,+,1152,+,*
966,-,1150,-,*
967,+,1387,+,*
967,-,1385,-,*
968,+,1144,+,*
968,-,1142,-,*
969,+,1193,+,*
969,-,1191,-,*
970,+,1179,+,*
970,-,1177,-,*
971,+,1278,+,*
971,-,1093,-,*
972,+,1412,+,*
972,-,1409,-,*
973,+,1256,+,*
973,-,1254,-,*
974,+,1117,+,*
974,-,1115,-,*
975,+,1307,+,*
975,-,1305,-,*
976,+,1236,+,*
976,-,1234,-,*
977,+,1248,+,*
977,-,1246,-,*
978,+,1398,+,*
978,-,1396,-,*
979,+,1338,+,*
979,-,1336,-,*
980,+,1175,+,*
980,-,1173,-,*
981,+,1106,+,*
981,-,1104,-,*
982,+,1125,+,*
982,-,1123,-,*
983,+,984,+,*
983,-,1233,-,*
984,+,985,+,*
985,+,986,+,*
986,+,1239,+,*
987,+,1318,+,*
987,-,1316,-,*
988,+,1330,+,*
988,-,1328,-,*
989,+,1123,+,*
989,-,1121,-,*
990,+,1412,+,*
990,-,1409,-,*
991,+,1184,+,*
991,-,1182,-,*
992,+,1196,+,*
992,-,1194,-,*
993,+,1386,+,*
993,-,1384,-,*
994,+,1001,+,*
994,+,1135,+,*
994,-,1133,-,*
995,+,1341,+,*
995,-,1339,-,*
996,+,1115,+,*
996,-,1113,-,*
997,+,1174,+,*
997,-,1172,-,*
998,+,1181,+,*
998,-,1179,-,*
999,+,1231,+,*
999,-,1229,-,*
1000,+,1351,+,*
1000,-,1296,-,*
1001,+,1002,+,*
1002,+,1138,+,*
1002,-,1136,-,*
1003,+,1384,+,*
1003,-,1382,-,*
1004,+,1258,+,*
1004,-,1256,-,*
1005,+,1222,+,*
1005,-,1220,-,*
1006,+,1382,+,*
1006,-,1300,-,*
1007,+,1291,+,*
1007,-,1141,-,*
1008,+,1173,+,*
1008,-,1171,-,*
1009,+,1312,+,*
1009,-,1310,-,*
1010,+,1376,+,*
1011,+,1144,+,*
1011,-,1142,-,*
1012,+,1152,+,*
1012,-,1150,-,*
1013,+,1302,+,*
1013,-,1300,-,*
1014,+,1117,+,*
1014,-,1115,-,*
1015,+,1360,+,*
1015,-,1358,-,*
1016,+,1158,+,*
1016,-,1157,-,*
1017,+,1272,+,*
1017,-,1160,-,*
1018,+,1191,+,*
1018,-,1030,-,*
1018,-,1189,-,*
1019,-,1373,-,*
1020,+,1284,+,*
1020,-,1094,-,*
1021,+,1163,+,*
1021,-,1161,-,*
1022,+,1329,+,*
1022,-,1327,-,*
1023,+,1129,+,*
1023,-,1127,-,*
1024,+,1314,+,*
1024,-,1312,-,*
1025,+,1159,+,*
1025,-,1069,-,*
1026,+,1120,+,*
1026,-,1118,-,*
1027,+,1283,+,*
1027,-,1155,-,*
1028,+,1327,+,*
1028,-,1325,-,*
1029,+,1367,+,*
1029,-,1365,-,*
1031,-,1303,-,*
1033,+,1325,+,*
1033,-,1323,-,*
1034,+,1122,+,*
1034,-,1120,-,*
1035,+,1290,+,*
1035,-,1174,-,*
1036,+,1100,+,*
1036,-,1099,-,*
1037,+,1364,+,*
1037,-,1362,-,*
1038,+,1165,+,*
1038,-,1163,-,*
1039,+,1197,+,*
1039,-,1195,-,*
1040,+,1119,+,*
1040,-,1117,-,*
1041,+,1143,+,*
1041,-,1141,-,*
1042,+,1375,+,*
1042,-,1374,-,*
1043,+,1399,+,*
1043,-,1397,-,*
1044,+,1375,+,*
1044,-,1374,-,*
1045,+,1309,+,*
1045,-,1307,-,*
1046,+,1123,+,*
1046,-,1121,-,*
1047,+,1185,+,*
1047,-,1184,-,*
1048,+,1141,+,*
1048,-,1139,-,*
1049,+,1325,+,*
1049,-,1323,-,*
1050,+,1365,+,*
1050,-,1363,-,*
1051,+,1120,+,*
1051,-,1118,-,*
1052,+,1068,+,*
1052,+,1155,+,*
1052,-,1153,-,*
1053,+,1266,+,*
1053,-,1264,-,*
1054,-,1368,-,*
1055,+,1135,+,*
1055,-,1133,-,*
1056,+,1108,+,*
1056,-,1106,-,*
1057,+,1405,+,*
1058,+,1243,+,*
1058,-,1241,-,*
1059,+,1144,+,*
1059,-,1142,-,*
1060,+,1061,+,*
1060,-,1098,-,*
1061,+,1100,+,*
1061,-,1099,-,*
1062,+,1392,+,*
1062,-,1390,-,*
1063,+,1173,+,*
1063,-,1171,-,*
1064,+,1181,+,*
1064,-,1179,-,*
1065,+,1155,+,*
1065,-,1153,-,*
1066,+,1162,+,*
1066,-,1160,-,*
1067,+,1370,+,*
1067,-,1369,-,*
1069,+,1158,+,*
1069,-,1157,-,*
1070,+,1263,+,*
1070,-,1261,-,*
1071,+,1288,+,*
1071,-,1233,-,*
1072,+,1073,+,*
1072,-,1402,-,*
1074,+,1317,+,*
1074,-,1315,-,*
1075,+,1402,+,*
1076,+,1271,+,*
1076,-,1118,-,*
1077,+,1158,+,*
1077,-,1157,-,*
1078,+,1139,+,*
1078,-,1137,-,*
1079,+,1242,+,*
1079,-,1240,-,*
1080,+,1118,+,*
1080,-,1116,-,*
1081,+,1118,+,*
1081,-,1116,-,*
1082,-,1294,-,*
1083,+,1368,+,*
1083,-,1366,-,*
1084,+,1247,+,*
1084,-,1245,-,*
1085,+,1150,+,*
1085,-,1148,-,*
1086,+,1252,+,*
1087,+,1130,+,*
1087,-,1128,-,*
1088,+,1249,+,*
1088,-,1247,-,*
1089,+,1405,+,*
1089,-,1291,-,*
1090,+,1287,+,*
1090,-,1227,-,*
1091,+,1131,+,*
1091,-,1129,-,*
1092,+,1252,+,*
1093,+,1094,+,*
1094,+,1095,+,*
1095,+,1096,+,*
1095,+,1107,+,*
1096,+,1097,+,*
1096,+,1134,+,*
1097,+,1098,+,*
1097,+,1111,+,*
1098,+,1099,+,*
1100,+,1101,+,*
1101,+,1102,+,*
1102,+,1103,+,*
1103,+,1104,+,*
1104,+,1105,+,*
1105,+,1106,+,*
1106,+,1107,+,*
1107,+,1108,+,*
1108,+,1109,+,*
1109,+,1110,+,*
1110,+,1111,+,*
1111,+,1112,+,*
1111,+,1114,+,*
1112,+,1113,+,*
1113,+,1114,+,*
1114,+,1115,+,*
1115,+,1116,+,*
1116,+,1117,+,*
1117,+,1118,+,*
1118,+,1119,+,*
1119,+,1120,+,*
1120,+,1121,+,*
1121,+,1122,+,*
1122,+,1123,+,*
1123,+,1124,+,*
1124,+,1125,+,*
1125,+,1126,+,*
1126,+,1127,+,*
1127,+,1128,+,*
1128,+,1129,+,*
1129,+,1130,+,*
1130,+,1131,+,*
1131,+,1132,+,*
1132,+,1133,+,*
1133,+,1134,+,*
1133,+,1135,+,*
1134,+,1135,+,*
1135,+,1136,+,*
1136,+,1137,+,*
1137,+,1138,+,*
1138,+,1139,+,*
1139,+,1140,+,*
1140,+,1141,+,*
1141,+,1142,+,*
1142,+,1143,+,*
1143,+,1144,+,*
1144,+,1145,+,*
1145,+,1146,+,*
1146,+,1147,+,*
1147,+,1148,+,*
1148,+,1149,+,*
1149,+,1150,+,*
1150,+,1151,+,*
1151,+,1152,+,*
1152,+,1153,+,*
1153,+,1154,+,*
1154,+,1155,+,*
1155,+,1156,+,*
1156,+,1157,+,*
1158,+,1159,+,*
1159,+,1160,+,*
1160,+,1161,+,*
1161,+,1162,+,*
1162,+,1163,+,*
1163,+,1164,+,*
1164,+,1165,+,*
1165,+,1166,+,*
1166,+,1167,+,*
1167,+,1168,+,*
1167,+,1178,+,*
1168,+,1169,+,*
1169,+,1170,+,*
1170,+,1171,+,*
1171,+,1172,+,*
1172,+,1173,+,*
1173,+,1174,+,*
1173,+,1179,+,*
1174,+,1175,+,*
1175,+,1176,+,*
1176,+,1177,+,*
1177,+,1178,+,*
1178,+,1179,+,*
1178,+,1180,+,*
1179,+,1180,+,*
1180,+,1181,+,*
1181,+,1182,+,*
1182,+,1183,+,*
1183,+,1184,+,*
1185,+,1186,+,*
1186,+,1187,+,*
1187,+,1188,+,*
1188,+,1189,+,*
1189,+,1190,+,*
1190,+,1191,+,*
1191,+,1192,+,*
1192,+,1193,+,*
1193,+,1194,+,*
1193,+,1200,+,*
1194,+,1195,+,*
1195,+,1196,+,*
1196,+,1197,+,*
1196,+,1214,+,*
1196,+,1245,+,*
1196,+,1266,+,*
1197,+,1198,+,*
1197,+,1251,+,*
1198,+,1199,+,*
1198,+,1221,+,*
1198,+,1243,+,*
1198,+,1258,+,*
1199,+,1200,+,*
1199,+,1245,+,*
1199,+,1255,+,*
1199,+,1266,+,*
1200,+,1201,+,*
1200,+,1227,+,*
1201,+,1202,+,*
1201,+,1264,+,*
1202,+,1203,+,*
1202,+,1264,+,*
1203,+,1204,+,*
1203,+,1244,+,*
1204,+,1205,+,*
1204,+,1239,+,*
1204,+,1243,+,*
1205,+,1206,+,*
1205,+,1237,+,*
1205,+,1250,+,*
1206,+,1207,+,*
1206,+,1239,+,*
1206,+,1240,+,*
1207,+,1208,+,*
1207,+,1236,+,*
1208,+,1209,+,*
1208,+,1240,+,*
1208,+,1254,+,*
1209,+,1210,+,*
1209,+,1237,+,*
1210,+,1211,+,*
1210,+,1245,+,*
1211,+,1212,+,*
1211,+,1237,+,*
1212,+,1213,+,*
1212,+,1230,+,*
1213,+,1214,+,*
1213,+,1237,+,*
1213,+,1244,+,*
1214,+,1215,+,*
1214,+,1244,+,*
1215,+,1216,+,*
1215,+,1242,+,*
1215,+,1244,+,*
1215,+,1256,+,*
1216,+,1217,+,*
1216,+,1251,+,*
1217,+,1218,+,*
1217,+,1238,+,*
1218,+,1219,+,*
1218,+,1243,+,*
1219,+,1220,+,*
1219,+,1245,+,*
1220,+,1221,+,*
1221,+,1222,+,*
1222,+,1223,+,*
1223,+,1224,+,*
1224,+,1225,+,*
1225,+,1226,+,*
1226,+,1227,+,*
1226,+,1244,+,*
1227,+,1228,+,*
1228,+,1229,+,*
1229,+,1230,+,*
1230,+,1231,+,*
1230,+,1235,+,*
1231,+,1232,+,*
1232,+,1233,+,*
1233,+,1234,+,*
1234,+,1235,+,*
1235,+,1236,+,*
1235,+,1243,+,*
1236,+,1237,+,*
1237,+,1238,+,*
1237,+,1244,+,*
1238,+,1239,+,*
1239,+,1240,+,*
1239,+,1244,+,*
1240,+,1241,+,*
1240,+,1244,+,*
1241,+,1242,+,*
1242,+,1243,+,*
1242,+,1251,+,*
1242,+,1279,+,*
1243,+,1244,+,*
1243,+,1252,+,*
1243,+,1266,+,*
1244,+,1245,+,*
1245,+,1246,+,*
1245,+,1251,+,*
1246,+,1247,+,*
1247,+,1248,+,*
1248,+,1249,+,*
1248,+,1260,+,*
1249,+,1250,+,*
1251,+,1252,+,*
1251,+,1265,+,*
1252,+,1253,+,*
1253,+,1254,+,*
1254,+,1255,+,*
1255,+,1256,+,*
1256,+,1257,+,*
1257,+,1258,+,*
1258,+,1259,+,*
1259,+,1260,+,*
1259,+,1266,+,*
1260,+,1261,+,*
1261,+,1262,+,*
1262,+,1263,+,*
1263,+,1264,+,*
1264,+,1265,+,*
1264,+,1266,+,*
1265,+,1266,+,*
1266,+,1267,+,*
1267,+,1268,+,*
1268,+,1269,+,*
1269,+,1270,+,*
1270,+,1271,+,*
1271,+,1272,+,*
1272,+,1273,+,*
1273,+,1274,+,*
1274,+,1275,+,*
1275,+,1276,+,*
1276,+,1277,+,*
1277,+,1278,+,*
1278,+,1279,+,*
1279,+,1280,+,*
1280,+,1281,+,*
1281,+,1282,+,*
1282,+,1283,+,*
1283,+,1284,+,*
1284,+,1285,+,*
1285,+,1286,+,*
1286,+,1287,+,*
1287,+,1288,+,*
1288,+,1289,+,*
1289,+,1290,+,*
1290,+,1291,+,*
1291,+,1292,+,*
1292,+,1293,+,*
1293,+,1294,+,*
1294,+,1295,+,*
1295,+,1296,+,*
1296,+,1297,+,*
1297,+,1298,+,*
1298,+,1299,+,*
1299,+,1300,+,*
1300,+,1301,+,*
1301,+,1302,+,*
1301,+,1328,+,*
1302,+,1303,+,*
1303,+,1304,+,*
1303,+,1341,+,*
1305,+,1306,+,*
1306,+,1307,+,*
1307,+,1308,+,*
1307,+,1309,+,*
1308,+,1309,+,*
1309,+,1310,+,*
1310,+,1311,+,*
1311,+,1312,+,*
1312,+,1313,+,*
1313,+,1314,+,*
1314,+,1315,+,*
1315,+,1316,+,*
1316,+,1317,+,*
1317,+,1318,+,*
1318,+,1319,+,*
1319,+,1320,+,*
1319,+,1321,+,*
1320,+,1321,+,*
1321,+,1322,+,*
1322,+,1323,+,*
1323,+,1324,+,*
1324,+,1325,+,*
1324,+,1348,+,*
1325,+,1326,+,*
1326,+,1327,+,*
1327,+,1328,+,*
1328,+,1329,+,*
1329,+,1330,+,*
1330,+,1331,+,*
1331,+,1332,+,*
1333,+,1334,+,*
1334,+,1335,+,*
1335,+,1336,+,*
1336,+,1337,+,*
1337,+,1338,+,*
1338,+,1339,+,*
1339,+,1340,+,*
1340,+,1341,+,*
1341,+,1342,+,*
1342,+,1343,+,*
1342,+,1347,+,*
1343,+,1344,+,*
1345,+,1346,+,*
1346,+,1347,+,*
1347,+,1348,+,*
1348,+,1349,+,*
1349,+,1350,+,*
1350,+,1351,+,*
1351,+,1352,+,*
1352,+,1353,+,*
1353,+,1354,+,*
1353,+,1355,+,*
1354,+,1355,+,*
1355,+,1356,+,*
1356,+,1357,+,*
1357,+,1358,+,*
1358,+,1359,+,*
1359,+,1360,+,*
1360,+,1361,+,*
1361,+,1362,+,*
1362,+,1363,+,*
1363,+,1364,+,*
1364,+,1365,+,*
1365,+,1366,+,*
1366,+,1367,+,*
1367,+,1368,+,*
1368,+,1369,+,*
1370,+,1371,+,*
1371,+,1372,+,*
1372,+,1373,+,*
1373,+,1374,+,*
1375,+,1376,+,*
1376,+,1377,+,*
1377,+,1378,+,*
1378,+,1379,+,*
1379,+,1380,+,*
1380,+,1381,+,*
1381,+,1382,+,*
1382,+,1383,+,*
1383,+,1384,+,*
1384,+,1385,+,*
1385,+,1386,+,*
1386,+,1387,+,*
1387,+,1388,+,*
1388,+,1389,+,*
1389,+,1390,+,*
1390,+,1391,+,*
1391,+,1392,+,*
1392,+,1393,+,*
1394,+,1395,+,*
1394,+,1398,+,*
1395,+,1396,+,*
1395,+,1401,+,*
1396,+,1397,+,*
1396,+,1407,+,*
1397,+,1398,+,*
1398,+,1399,+,*
1399,+,1400,+,*
1399,+,1403,+,*
1401,+,1402,+,*
1402,+,1403,+,*
1404,+,1405,+,*
1405,+,1406,+,*
1405,+,1407,+,*
1406,+,1407,+,*
1407,+,1408,+,*
1408,+,1409,+,*
1409,+,1410,+,*
1410,+,1411,+,*
1410,+,1412,+,*
1411,+,1414,+,*
1412,+,1413,+,*
1412,+,1414,+,*
1413,+,1416,+,*
1414,+,1415,+,*
1414,+,1416,+,*
1415,+,1419,+,*
1416,+,1417,+,*
1416,+,1418,+,*
1416,+,1419,+,*
1417,+,1421,+,*
1418,+,1421,+,*
1419,+,1420,+,*
1419,+,1421,+,*
1420,+,1423,+,*
1421,+,1422,+,*
1421,+,1423,+,*
1422,+,1426,+,*
1423,+,1424,+,*
1423,+,1425,+,*
1423,+,1426,+,*
1424,+,1427,+,*
1425,+,1427,+,*
1426,+,1427,+,*
1427,+,1431,+,*
1427,+,1433,+,*
1427,+,1435,+,*
1427,+,1436,+,*
1427,+,1437,+,*
1427,+,1438,+,*
1428,+,1440,+,*
1428,-,1438,-,*
1429,+,1440,+,*
1429,-,1438,-,*
1430,+,1439,+,*
1430,-,1437,-,*
1431,+,1438,+,*
1432,+,1439,+,*
1432,-,1437,-,*
1433,+,1438,+,*
1434,+,1440,+,*
1434,-,1438,-,*
1435,+,1438,+,*
1436,+,1437,+,*
1437,+,1438,+,*
1438,+,1439,+,*
1439,+,1440,+,*
1440,+,1441,+,*
1440,+,1442,+,*
1440,+,1443,+,*
1441,+,1446,+,*
1442,+,1446,+,*
1443,+,1444,+,*
1443,+,1445,+,*
1443,+,1446,+,*
1444,+,1448,+,*
1445,+,1448,+,*
1446,+,1447,+,*
1446,+,1448,+,*
1447,+,1456,+,*
1448,+,1449,+,*
1448,+,1452,+,*
1448,+,1454,+,*
1448,+,1456,+,*
1449,+,1450,+,*
1450,+,1451,+,*
1451,+,1461,+,*
1451,-,1457,-,*
1452,+,1457,+,*
1453,+,1458,+,*
1453,-,1456,-,*
1454,+,1457,+,*
1455,+,1461,+,*
1455,-,1457,-,*
1456,+,1457,+,*
1457,+,1458,+,*
1458,+,1459,+,*
1458,+,1460,+,*
1458,+,1461,+,*
1459,+,1462,+,*
1460,+,1462,+,*
1461,+,1462,+,*
1462,+,1467,+,*
1462,+,1469,+,*
1463,+,1474,+,*
1463,-,1468,-,*
1464,+,1470,+,*
1464,-,1469,-,*
1465,+,1474,+,*
1465,-,1468,-,*
1466,+,1470,+,*
1466,-,1469,-,*
1467,+,1468,+,*
1468,+,1470,+,*
1468,-,1469,-,*
1470,+,1471,+,*
1470,+,1472,+,*
1470,+,1473,+,*
1470,+,1474,+,*
1471,+,1477,+,*
1472,+,1477,+,*
1473,+,1477,+,*
1474,+,1475,+,*
1474,+,1476,+,*
1474,+,1477,+,*
1475,+,1480,+,*
1476,+,1480,+,*
1477,+,1478,+,*
1477,+,1479,+,*
1477,+,1480,+,*
1478,+,1482,+,*
1479,+,1482,+,*
1480,+,1481,+,*
1480,+,1482,+,*
1481,+,1497,+,*
1482,+,1484,+,*
1482,+,1497,+,*
1483,+,1498,+,*
1483,-,1497,-,*
1484,+,1498,+,*
1485,+,1500,+,*
1485,-,1498,-,*
1486,+,1500,+,*
1486,-,1498,-,*
1487,+,1501,+,*
1487,-,1499,-,*
1488,+,1501,+,*
1488,-,1499,-,*
1489,+,1503,+,*
1489,-,1501,-,*
1490,+,1503,+,*
1490,-,1501,-,*
1491,+,1499,+,*
1491,-,1497,-,*
1492,+,1502,+,*
1492,-,1500,-,*
1493,+,1502,+,*
1493,-,1500,-,*
1494,+,1504,+,*
1494,-,1502,-,*
1495,+,1502,+,*
1495,-,1500,-,*
1496,+,1499,+,*
1496,-,1497,-,*
1497,+,1498,+,*
1498,+,1499,+,*
1499,+,1500,+,*
1500,+,1501,+,*
1501,+,1502,+,*
1502,+,1503,+,*
1503,+,1504,+,*
1504,+,1519,+,*
1504,+,1533,+,*
1504,+,1535,+,*
1504,+,1538,+,*
1504,+,1539,+,*
1505,+,1555,+,*
1505,-,1551,-,*
1506,+,1555,+,*
1506,-,1523,-,*
1506,-,1551,-,*
1507,+,1545,+,*
1507,-,1543,-,*
1508,+,1544,+,*
1508,-,1542,-,*
1509,+,1550,+,*
1509,-,1548,-,*
1510,+,1541,+,*
1510,-,1539,-,*
1511,+,1548,+,*
1511,-,1546,-,*
1512,+,1541,+,*
1512,-,1539,-,*
1513,+,1547,+,*
1513,-,1545,-,*
1514,+,1545,+,*
1514,-,1543,-,*
1515,+,1526,+,*
1515,+,1550,+,*
1515,-,1517,-,*
1515,-,1522,-,*
1515,-,1548,-,*
1516,+,1546,+,*
1516,-,1544,-,*
1517,+,1549,+,*
1517,-,1547,-,*
1518,+,1543,+,*
1518,-,1541,-,*
1519,+,1539,+,*
1520,+,1550,+,*
1520,-,1548,-,*
1521,+,1541,+,*
1521,-,1539,-,*
1522,+,1549,+,*
1522,-,1547,-,*
1523,+,1552,+,*
1523,-,1550,-,*
1524,+,1547,+,*
1524,-,1545,-,*
1525,+,1544,+,*
1525,-,1542,-,*
1526,+,1551,+,*
1526,-,1549,-,*
1527,+,1555,+,*
1527,-,1551,-,*
1528,+,1546,+,*
1528,-,1544,-,*
1529,+,1544,+,*
1529,-,1542,-,*
1530,+,1546,+,*
1530,-,1544,-,*
1531,+,1552,+,*
1531,-,1550,-,*
1532,+,1543,+,*
1532,-,1541,-,*
1533,+,1539,+,*
1534,+,1542,+,*
1534,-,1540,-,*
1535,+,1539,+,*
1536,+,1547,+,*
1536,-,1545,-,*
1537,+,1540,+,*
1537,-,1538,-,*
1538,+,1539,+,*
1538,+,1551,+,*
1539,+,1540,+,*
1540,+,1541,+,*
1540,+,1542,+,*
1541,+,1542,+,*
1542,+,1543,+,*
1543,+,1544,+,*
1544,+,1545,+,*
1545,+,1546,+,*
1546,+,1547,+,*
1547,+,1548,+,*
1548,+,1549,+,*
1549,+,1550,+,*
1550,+,1551,+,*
1551,+,1552,+,*
1552,+,1553,+,*
1552,+,1554,+,*
1552,+,1555,+,*
1553,+,1558,+,*
1554,+,1558,+,*
1555,+,1556,+,*
1555,+,1557,+,*
1555,+,1558,+,*
1556,+,1559,+,*
1557,+,1559,+,*
1558,+,1559,+,*
1559,+,1560,+,*
1559,+,1561,+,*
1560,+,1563,+,*
1561,+,1562,+,*
1561,+,1563,+,*
1562,+,1565,+,*
1563,+,1564,+,*
1563,+,1565,+,*
1564,+,1568,+,*
1565,+,1566,+,*
1565,+,1567,+,*
1565,+,1568,+,*
1566,+,1569,+,*
1567,+,1569,+,*
1568,+,1569,+,*
1569,+,1585,+,*
1569,+,1593,+,*
1569,+,1604,+,*
1570,+,1606,+,*
1570,-,1604,-,*
1571,+,1614,+,*
1571,-,1612,-,*
1572,+,1615,+,*
1572,-,1613,-,*
1573,+,1616,+,*
1573,-,1614,-,*
1574,+,1608,+,*
1574,-,1606,-,*
1575,+,1613,+,*
1575,-,1611,-,*
1576,+,1617,+,*
1576,-,1616,-,*
1577,+,1616,+,*
1577,-,1614,-,*
1578,+,1618,+,*
1578,-,1602,-,*
1579,+,1612,+,*
1579,-,1595,-,*
1580,+,1610,+,*
1580,-,1608,-,*
1581,+,1595,+,*
1581,-,1609,-,*
1582,+,1617,+,*
1582,-,1616,-,*
1583,+,1613,+,*
1583,-,1611,-,*
1584,+,1607,+,*
1584,-,1605,-,*
1585,+,1605,+,*
1586,+,1618,+,*
1586,-,1602,-,*
1587,+,1611,+,*
1587,-,1610,-,*
1588,+,1609,+,*
1588,-,1607,-,*
1589,+,1616,+,*
1589,-,1614,-,*
1590,+,1615,+,*
1590,-,1613,-,*
1591,+,1611,+,*
1591,-,1610,-,*
1592,+,1610,+,*
1592,-,1608,-,*
1593,+,1605,+,*
1594,+,1613,+,*
1594,-,1611,-,*
1595,+,1596,+,*
1595,+,1611,+,*
1595,-,1609,-,*
1595,-,1610,-,*
1596,+,1612,+,*
1597,+,1620,+,*
1597,-,1617,-,*
1598,+,1608,+,*
1598,-,1606,-,*
1599,+,1602,+,*
1599,-,1615,-,*
1600,+,1606,+,*
1600,-,1604,-,*
1601,+,1620,+,*
1601,-,1617,-,*
1602,+,1617,+,*
1602,-,1616,-,*
1603,+,1609,+,*
1603,-,1607,-,*
1604,+,1605,+,*
1604,+,1618,+,*
1605,+,1606,+,*
1606,+,1607,+,*
1606,+,1608,+,*
1607,+,1608,+,*
1608,+,1609,+,*
1609,+,1610,+,*
1611,+,1612,+,*
1612,+,1613,+,*
1613,+,1614,+,*
1614,+,1615,+,*
1615,+,1616,+,*
1617,+,1618,+,*
1618,+,1619,+,*
1618,+,1620,+,*
1619,+,1622,+,*
1620,+,1621,+,*
1620,+,1622,+,*
1621,+,1625,+,*
1622,+,1623,+,*
1622,+,1624,+,*
1622,+,1625,+,*
1623,+,1628,+,*
1624,+,1628,+,*
1625,+,1626,+,*
1625,+,1627,+,*
1625,+,1628,+,*
1626,+,1633,+,*
1627,+,1633,+,*
1628,+,1629,+,*
1628,+,1631,+,*
1628,+,1633,+,*
1629,+,1630,+,*
1629,+,1634,+,*
1630,+,1636,+,*
1630,-,1633,-,*
1631,+,1634,+,*
1632,+,1636,+,*
1632,-,1633,-,*
1633,+,1634,+,*
1634,+,1635,+,*
1634,+,1636,+,*
1635,+,1640,+,*
1636,+,1637,+,*
1636,+,1638,+,*
1636,+,1639,+,*
1636,+,1640,+,*
1637,+,1645,+,*
1638,+,1645,+,*
1639,+,1645,+,*
1640,+,1641,+,*
1640,+,1642,+,*
1640,+,1643,+,*
1640,+,1645,+,*
1641,+,1646,+,*
1642,+,1646,+,*
1643,+,1644,+,*
1643,+,1646,+,*
1644,+,1647,+,*
1645,+,1646,+,*
1646,+,1647,+,*
1647,+,1676,+,*
1647,+,1687,+,*
1648,+,1682,+,*
1648,-,1680,-,*
1649,+,1664,+,*
1649,+,1688,+,*
1649,-,1686,-,*
1650,+,1678,+,*
1650,-,1676,-,*
1651,+,1685,+,*
1651,-,1683,-,*
1652,+,1687,+,*
1652,-,1685,-,*
1653,+,1683,+,*
1653,-,1681,-,*
1654,+,1680,+,*
1654,-,1678,-,*
1655,+,1681,+,*
1655,-,1679,-,*
1656,+,1665,+,*
1656,-,1690,-,*
1657,+,1680,+,*
1657,-,1678,-,*
1658,+,1678,+,*
1658,-,1676,-,*
1659,+,1691,+,*
1659,-,1689,-,*
1660,+,1679,+,*
1660,-,1677,-,*
1661,+,1685,+,*
1661,-,1683,-,*
1662,+,1665,+,*
1662,-,1664,-,*
1662,-,1690,-,*
1663,+,1664,+,*
1663,-,1684,-,*
1664,+,1665,+,*
1665,+,1666,+,*
1665,+,1692,+,*
1665,+,1693,+,*
1665,+,1694,+,*
1665,-,1670,-,*
1665,-,1691,-,*
1666,+,1694,+,*
1667,+,1682,+,*
1667,-,1680,-,*
1668,+,1684,+,*
1668,-,1682,-,*
1669,+,1694,+,*
1669,-,1691,-,*
1670,-,1690,-,*
1671,+,1678,+,*
1671,-,1676,-,*
1672,+,1684,+,*
1672,-,1682,-,*
1673,+,1684,+,*
1673,-,1682,-,*
1674,+,1690,+,*
1674,-,1688,-,*
1675,+,1679,+,*
1675,-,1677,-,*
1676,+,1677,+,*
1677,+,1678,+,*
1678,+,1679,+,*
1679,+,1680,+,*
1680,+,1681,+,*
1681,+,1682,+,*
1682,+,1683,+,*
1683,+,1684,+,*
1684,+,1685,+,*
1685,+,1686,+,*
1686,+,1687,+,*
1687,+,1688,+,*
1688,+,1689,+,*
1689,+,1690,+,*
1690,+,1691,+,*
1692,+,1697,+,*
1693,+,1697,+,*
1694,+,1695,+,*
1694,+,1696,+,*
1694,+,1697,+,*
1695,+,1700,+,*
1696,+,1700,+,*
1697,+,1698,+,*
1697,+,1699,+,*
1697,+,1700,+,*
1698,+,1703,+,*
1699,+,1703,+,*
1700,+,1701,+,*
1700,+,1702,+,*
1700,+,1703,+,*
1701,+,1705,+,*
1702,+,1705,+,*
1703,+,1704,+,*
1703,+,1705,+,*
1704,+,1708,+,*
1705,+,1706,+,*
1705,+,1707,+,*
1705,+,1708,+,*
1706,+,1731,+,*
1707,+,1731,+,*
1708,+,1726,+,*
1708,+,1731,+,*
1709,+,1743,+,*
1709,-,1741,-,*
1710,+,1749,+,*
1710,-,1747,-,*
1711,+,1735,+,*
1711,-,1733,-,*
1712,+,1741,+,*
1712,-,1739,-,*
1713,+,1741,+,*
1713,-,1739,-,*
1714,+,1735,+,*
1714,-,1733,-,*
1715,+,1750,+,*
1715,-,1748,-,*
1716,+,1746,+,*
1716,-,1744,-,*
1717,+,1733,+,*
1717,-,1731,-,*
1718,+,1742,+,*
1718,-,1740,-,*
1719,+,1738,+,*
1719,-,1736,-,*
1720,+,1739,+,*
1720,-,1737,-,*
1721,+,1736,+,*
1721,-,1734,-,*
1722,+,1745,+,*
1722,-,1743,-,*
1723,+,1738,+,*
1723,-,1736,-,*
1724,+,1744,+,*
1724,-,1742,-,*
1725,+,1743,+,*
1725,-,1741,-,*
1726,+,1732,+,*
1727,+,1741,+,*
1727,-,1739,-,*
1728,+,1733,+,*
1728,-,1731,-,*
1729,+,1747,+,*
1729,-,1745,-,*
1730,+,1734,+,*
1730,-,1732,-,*
1731,+,1732,+,*
1731,+,1749,+,*
1732,+,1733,+,*
1733,+,1734,+,*
1734,+,1735,+,*
1735,+,1736,+,*
1736,+,1737,+,*
1737,+,1738,+,*
1738,+,1739,+,*
1739,+,1740,+,*
1740,+,1741,+,*
1741,+,1742,+,*
1742,+,1743,+,*
1743,+,1744,+,*
1744,+,1745,+,*
1745,+,1746,+,*
1746,+,1747,+,*
1747,+,1748,+,*
1748,+,1749,+,*
1749,+,1750,+,*
1750,+,1751,+,*
1750,+,1753,+,*
1750,+,1754,+,*
1751,+,1752,+,*
1751,+,1755,+,*
1752,+,1757,+,*
1752,-,1754,-,*
1753,+,1755,+,*
1754,+,1755,+,*
1755,+,1756,+,*
1755,+,1757,+,*
1756,+,1759,+,*
1757,+,1758,+,*
1757,+,1759,+,*
1758,+,1762,+,*
1759,+,1760,+,*
1759,+,1761,+,*
1759,+,1762,+,*
1760,+,1764,+,*
1761,+,1764,+,*
1762,+,1763,+,*
1762,+,1764,+,*
1763,+,1767,+,*
1764,+,1765,+,*
1764,+,1766,+,*
1764,+,1767,+,*
1765,+,1768,+,*
1766,+,1768,+,*
1767,+,1768,+,*
1768,+,1795,+,*
1768,+,1814,+,*
1769,+,1797,+,*
1769,-,1795,-,*
1770,+,1812,+,*
1770,-,1810,-,*
1771,+,1811,+,*
1771,-,1809,-,*
1772,+,1798,+,*
1772,-,1796,-,*
1773,+,1803,+,*
1773,-,1801,-,*
1774,+,1817,+,*
1774,-,1813,-,*
1775,+,1806,+,*
1775,-,1804,-,*
1776,+,1799,+,*
1776,-,1797,-,*
1777,+,1814,+,*
1777,-,1812,-,*
1778,+,1812,+,*
1778,-,1810,-,*
1779,+,1800,+,*
1779,-,1798,-,*
1780,+,1813,+,*
1780,-,1811,-,*
1781,+,1804,+,*
1781,-,1802,-,*
1782,+,1809,+,*
1782,-,1807,-,*
1783,+,1813,+,*
1783,-,1811,-,*
1784,+,1801,+,*
1784,-,1799,-,*
1785,+,1803,+,*
1785,-,1801,-,*
1786,+,1812,+,*
1786,-,1810,-,*
1787,+,1807,+,*
1787,-,1805,-,*
1788,+,1800,+,*
1788,-,1798,-,*
1789,+,1814,+,*
1789,-,1812,-,*
1790,+,1811,+,*
1790,-,1809,-,*
1791,+,1802,+,*
1791,-,1800,-,*
1792,+,1799,+,*
1792,-,1797,-,*
1793,+,1807,+,*
1793,-,1805,-,*
1794,+,1805,+,*
1794,-,1803,-,*
1795,+,1796,+,*
1796,+,1797,+,*
1797,+,1798,+,*
1798,+,1799,+,*
1799,+,1800,+,*
1800,+,1801,+,*
1801,+,1802,+,*
1802,+,1803,+,*
1803,+,1804,+,*
1804,+,1805,+,*
1805,+,1806,+,*
1806,+,1807,+,*
1807,+,1808,+,*
1808,+,1809,+,*
1809,+,1810,+,*
1810,+,1811,+,*
1811,+,1812,+,*
1812,+,1813,+,*
1813,+,1814,+,*
1814,+,1815,+,*
1814,+,1816,+,*
1814,+,1817,+,*
1815,+,1818,+,*
1816,+,1818,+,*
1817,+,1818,+,*
1818,+,1819,+,*
1818,+,1820,+,*
1819,+,1821,+,*
1820,+,1821,+,*
1821,+,1822,+,*
1821,+,1823,+,*
1821,+,1824,+,*
1821,+,1825,+,*
1822,+,1827,+,*
1823,+,1827,+,*
1824,+,1827,+,*
1825,+,1826,+,*
1825,+,1827,+,*
1826,+,1830,+,*
1827,+,1828,+,*
1827,+,1829,+,*
1827,+,1830,+,*
1828,+,2033,+,*
1829,+,2033,+,*
1830,+,1950,+,*
1830,+,1971,+,*
1830,+,2033,+,*
1831,+,2071,+,*
1831,-,2069,-,*
1832,+,2043,+,*
1832,-,2041,-,*
1833,+,2091,+,*
1833,-,2031,-,*
1834,+,2070,+,*
1834,-,2068,-,*
1835,+,2064,+,*
1835,-,2061,-,*
1835,-,2062,-,*
1836,+,2040,+,*
1836,-,2038,-,*
1837,+,1858,+,*
1837,+,2072,+,*
1837,-,2070,-,*
1838,+,2073,+,*
1838,-,2072,-,*
1839,+,1869,+,*
1839,-,2071,-,*
1840,+,2080,+,*
1840,-,2078,-,*
1841,+,1842,+,*
1841,+,1982,+,*
1841,-,1902,-,*
1841,-,1911,-,*
1841,-,2017,-,*
1842,+,2055,+,*
1842,-,1903,-,*
1843,+,2089,+,*
1843,-,2087,-,*
1844,+,2085,+,*
1844,-,2084,-,*
1845,+,1846,+,*
1845,+,1961,+,*
1845,-,1897,-,*
1845,-,1999,-,*
1846,+,1847,+,*
1846,+,1927,+,*
1847,+,2031,+,*
1847,-,2012,-,*
1847,-,2088,-,*
1848,+,1849,+,*
1848,+,1857,+,*
1848,+,1860,+,*
1848,+,1897,+,*
1848,-,1909,-,*
1848,-,1979,-,*
1848,-,1988,-,*
1849,+,1853,+,*
1849,+,2096,+,*
1850,+,1851,+,*
1850,+,2045,+,*
1850,-,2043,-,*
1851,+,1852,+,*
1852,+,2049,+,*
1852,-,2047,-,*
1853,+,2086,+,*
1854,+,1855,+,*
1854,+,2090,+,*
1854,-,2089,-,*
1855,+,1898,+,*
1856,+,2075,+,*
1856,-,2074,-,*
1857,+,2085,+,*
1857,-,2084,-,*
1858,+,1859,+,*
1859,+,2074,+,*
1860,+,1861,+,*
1860,+,1923,+,*
1860,+,1995,+,*
1860,+,1999,+,*
1860,+,2085,+,*
1860,+,2091,+,*
1860,+,2103,+,*
1860,-,1924,-,*
1860,-,1932,-,*
1860,-,2084,-,*
1861,+,1999,+,*
1862,+,2069,+,*
1862,-,2067,-,*
1863,+,2057,+,*
1863,-,2056,-,*
1864,+,1984,+,*
1864,+,2085,+,*
1864,-,2084,-,*
1865,+,1866,+,*
1865,-,2013,-,*
1865,-,2090,-,*
1866,+,1898,+,*
1866,+,1943,+,*
1866,+,1952,+,*
1866,+,1993,+,*
1866,+,2092,+,*
1866,+,2107,+,*
1866,-,1917,-,*
1866,-,1956,-,*
1866,-,2091,-,*
1867,+,2081,+,*
1867,-,2079,-,*
1868,+,1869,+,*
1868,-,2071,-,*
1869,+,1870,+,*
1869,+,1892,+,*
1869,+,2073,+,*
1869,+,2086,+,*
1869,-,1989,-,*
1869,-,2072,-,*
1870,+,1894,+,*
1870,+,2074,+,*
1871,+,2031,+,*
1871,-,2088,-,*
1872,+,2078,+,*
1872,-,2076,-,*
1873,+,2050,+,*
1873,-,2048,-,*
1874,+,2081,+,*
1874,-,2079,-,*
1875,+,2090,+,*
1875,-,2031,-,*
1876,+,2038,+,*
1876,-,2036,-,*
1877,+,1881,+,*
1877,+,2062,+,*
1877,-,2060,-,*
1878,+,1879,+,*
1878,+,1961,+,*
1878,-,1999,-,*
1879,+,2104,+,*
1880,+,2090,+,*
1880,-,2089,-,*
1881,+,1882,+,*
1882,+,2065,+,*
1882,-,2063,-,*
1883,+,2051,+,*
1883,-,2049,-,*
1884,+,2043,+,*
1884,-,2041,-,*
1885,+,2058,+,*
1885,-,2056,-,*
1886,+,2055,+,*
1886,-,1903,-,*
1887,+,2056,+,*
1887,-,1982,-,*
1888,+,2071,+,*
1888,-,2069,-,*
1889,+,2041,+,*
1889,-,2039,-,*
1890,+,1961,+,*
1890,-,1999,-,*
1891,+,2035,+,*
1891,-,2033,-,*
1892,+,2074,+,*
1893,+,2057,+,*
1893,-,2055,-,*
1894,+,1963,+,*
1894,-,1962,-,*
1894,-,2073,-,*
1895,+,2096,+,*
1895,-,2094,-,*
1896,+,2046,+,*
1896,-,2044,-,*
1897,+,1898,+,*
1897,+,2104,+,*
1898,+,2103,+,*
1898,+,2106,+,*
1898,-,1988,-,*
1898,-,1999,-,*
1898,-,2031,-,*
1898,-,2079,-,*
1898,-,2085,-,*
1898,-,2090,-,*
1898,-,2102,-,*
1899,+,1952,+,*
1899,+,2092,+,*
1899,-,2091,-,*
1900,+,1901,+,*
1900,-,2052,-,*
1901,+,1902,+,*
1901,-,2053,-,*
1902,+,1903,+,*
1902,+,1980,+,*
1902,+,2017,+,*
1902,-,1983,-,*
1902,-,2006,-,*
1902,-,2054,-,*
1903,+,1904,+,*
1903,+,1982,+,*
1903,-,1996,-,*
1903,-,2052,-,*
1904,+,2055,+,*
1905,+,1909,+,*
1905,+,2082,+,*
1905,-,2080,-,*
1906,+,2063,+,*
1906,-,2061,-,*
1907,+,2077,+,*
1907,-,2075,-,*
1908,+,2065,+,*
1908,-,2063,-,*
1910,+,1911,+,*
1910,+,2053,+,*
1910,-,2051,-,*
1912,+,2080,+,*
1912,-,2079,-,*
1913,+,2070,+,*
1913,-,1940,-,*
1913,-,2068,-,*
1914,+,2092,+,*
1914,-,2091,-,*
1915,+,1916,+,*
1915,+,2059,+,*
1915,-,2057,-,*
1916,+,2060,+,*
1916,-,2058,-,*
1917,-,1938,-,*
1917,-,2090,-,*
1918,+,2042,+,*
1918,-,2041,-,*
1919,+,2075,+,*
1919,-,2074,-,*
1920,+,2056,+,*
1920,-,1982,-,*
1921,+,2043,+,*
1921,-,2041,-,*
1922,+,2045,+,*
1922,-,2043,-,*
1923,+,1999,+,*
1924,-,1988,-,*
1925,+,1926,+,*
1925,+,2087,+,*
1925,-,2086,-,*
1926,+,1927,+,*
1927,+,1938,+,*
1927,+,2031,+,*
1927,-,2088,-,*
1928,+,2092,+,*
1928,-,2091,-,*
1929,+,2061,+,*
1929,-,2059,-,*
1930,+,2084,+,*
1930,-,2083,-,*
1931,+,2067,+,*
1931,-,2065,-,*
1932,-,1988,-,*
1933,+,1934,+,*
1933,-,2078,-,*
1934,+,1935,+,*
1935,+,1936,+,*
1936,+,2085,+,*
1937,+,2094,+,*
1937,-,2092,-,*
1939,+,1940,+,*
1939,+,2068,+,*
1939,-,2066,-,*
1940,+,2069,+,*
1940,-,2067,-,*
1941,+,2082,+,*
1941,-,2080,-,*
1942,+,2088,+,*
1942,-,1961,-,*
1943,+,1944,+,*
1943,+,2093,+,*
1944,+,1990,+,*
1944,+,2097,+,*
1945,+,1946,+,*
1945,+,2063,+,*
1945,-,2061,-,*
1946,+,1947,+,*
1947,+,2066,+,*
1948,+,2037,+,*
1948,-,2035,-,*
1949,+,2048,+,*
1949,-,2046,-,*
1950,+,2034,+,*
1951,+,2072,+,*
1951,-,2070,-,*
1952,+,1953,+,*
1952,+,2093,+,*
1953,+,2094,+,*
1954,+,2076,+,*
1954,-,1963,-,*
1955,+,2080,+,*
1955,-,2078,-,*
1956,-,2090,-,*
1957,+,2047,+,*
1957,-,2045,-,*
1958,+,2052,+,*
1958,-,2050,-,*
1959,+,2054,+,*
1959,-,2052,-,*
1960,+,2083,+,*
1960,-,2081,-,*
1961,+,1986,+,*
1961,+,2087,+,*
1961,+,2094,+,*
1961,+,2098,+,*
1961,+,2104,+,*
1961,-,2086,-,*
1962,-,2073,-,*
1963,+,1997,+,*
1963,+,2075,+,*
1963,+,2076,+,*
1963,+,2079,+,*
1963,+,2094,+,*
1963,+,2108,+,*
1963,-,2074,-,*
1964,+,2066,+,*
1964,-,2064,-,*
1965,+,2064,+,*
1965,-,2062,-,*
1966,+,2049,+,*
1966,-,2047,-,*
1967,+,2077,+,*
1967,-,2076,-,*
1968,+,2045,+,*
1968,-,2043,-,*
1969,+,1988,+,*
1969,-,2082,-,*
1970,+,2039,+,*
1970,-,2037,-,*
1971,+,2034,+,*
1972,+,2077,+,*
1972,-,2075,-,*
1973,+,2079,+,*
1973,-,2077,-,*
1974,+,2095,+,*
1974,-,2093,-,*
1975,+,1988,+,*
1975,-,2082,-,*
1976,+,2040,+,*
1976,-,2038,-,*
1977,+,2089,+,*
1977,-,2087,-,*
1978,+,2036,+,*
1978,-,2034,-,*
1979,+,2084,+,*
1979,-,2083,-,*
1980,+,1982,+,*
1981,+,2038,+,*
1981,-,2037,-,*
1982,+,2055,+,*
1983,-,2053,-,*
1984,+,2104,+,*
1985,+,2091,+,*
1985,-,2031,-,*
1986,+,2088,+,*
1987,+,1988,+,*
1987,-,2082,-,*
1988,+,2084,+,*
1988,+,2094,+,*
1988,-,2080,-,*
1988,-,2083,-,*
1989,-,2071,-,*
1990,+,2096,+,*
1990,-,2094,-,*
1991,+,2049,+,*
1991,-,2047,-,*
1992,+,2066,+,*
1992,-,2064,-,*
1993,+,2093,+,*
1994,+,2042,+,*
1994,-,2040,-,*
1995,+,1999,+,*
1996,-,2054,-,*
1997,+,2076,+,*
1998,+,2087,+,*
1998,-,2086,-,*
1999,+,2086,+,*
1999,+,2094,+,*
1999,+,2098,+,*
1999,+,2104,+,*
1999,+,2105,+,*
1999,+,2107,+,*
1999,-,2011,-,*
1999,-,2085,-,*
2000,+,2095,+,*
2000,-,2093,-,*
2001,+,2078,+,*
2001,-,2076,-,*
2002,+,2053,+,*
2002,-,2051,-,*
2003,+,2044,+,*
2003,-,2042,-,*
2004,+,2083,+,*
2004,-,2081,-,*
2005,+,2065,+,*
2005,-,2063,-,*
2006,-,2053,-,*
2007,+,2061,+,*
2007,-,2060,-,*
2008,+,2078,+,*
2008,-,2076,-,*
2009,+,2042,+,*
2009,-,2040,-,*
2010,+,2069,+,*
2010,-,2068,-,*
2011,-,2085,-,*
2012,+,2013,+,*
2012,+,2089,+,*
2012,-,2087,-,*
2014,+,2073,+,*
2014,-,2072,-,*
2015,+,2087,+,*
2015,-,2086,-,*
2016,+,2091,+,*
2016,-,2031,-,*
2018,+,2044,+,*
2018,-,2042,-,*
2019,+,2090,+,*
2019,-,2089,-,*
2020,+,2073,+,*
2020,-,2072,-,*
2021,+,2079,+,*
2021,-,2077,-,*
2022,+,2047,+,*
2022,-,2045,-,*
2023,+,2042,+,*
2023,-,2040,-,*
2024,+,2079,+,*
2024,-,2077,-,*
2025,+,2060,+,*
2025,-,2058,-,*
2026,+,2047,+,*
2026,-,2045,-,*
2027,+,2037,+,*
2027,-,2035,-,*
2028,+,2084,+,*
2028,-,2083,-,*
2029,+,2040,+,*
2029,-,2038,-,*
2030,+,2082,+,*
2030,-,2080,-,*
2031,+,2090,+,*
2031,+,2092,+,*
2031,+,2098,+,*
2031,-,2080,-,*
2031,-,2089,-,*
2032,+,2060,+,*
2032,-,2058,-,*
2033,+,2034,+,*
2033,+,2036,+,*
2034,+,2035,+,*
2035,+,2036,+,*
2035,+,2037,+,*
2036,+,2037,+,*
2037,+,2038,+,*
2037,+,2040,+,*
2037,+,2047,+,*
2038,+,2039,+,*
2038,+,2040,+,*
2038,+,2047,+,*
2039,+,2040,+,*
2039,+,2047,+,*
2039,+,2079,+,*
2040,+,2041,+,*
2040,+,2049,+,*
2041,+,2042,+,*
2042,+,2043,+,*
2043,+,2044,+,*
2044,+,2045,+,*
2045,+,2046,+,*
2046,+,2047,+,*
2047,+,2048,+,*
2047,+,2049,+,*
2048,+,2049,+,*
2049,+,2050,+,*
2050,+,2051,+,*
2051,+,2052,+,*
2052,+,2053,+,*
2053,+,2054,+,*
2055,+,2056,+,*
2056,+,2057,+,*
2057,+,2058,+,*
2057,+,2059,+,*
2058,+,2059,+,*
2059,+,2060,+,*
2060,+,2061,+,*
2061,+,2062,+,*
2062,+,2063,+,*
2063,+,2064,+,*
2063,+,2065,+,*
2064,+,2065,+,*
2064,+,2066,+,*
2065,+,2066,+,*
2066,+,2067,+,*
2067,+,2068,+,*
2068,+,2069,+,*
2069,+,2070,+,*
2070,+,2071,+,*
2070,+,2072,+,*
2071,+,2072,+,*
2071,+,2081,+,*
2072,+,2081,+,*
2073,+,2074,+,*
2073,+,2075,+,*
2074,+,2075,+,*
2074,+,2097,+,*
2074,+,2112,+,*
2075,+,2076,+,*
2075,+,2098,+,*
2076,+,2077,+,*
2076,+,2078,+,*
2076,+,2079,+,*
2076,+,2080,+,*
2077,+,2078,+,*
2077,+,2093,+,*
2077,+,2102,+,*
2078,+,2079,+,*
2078,+,2082,+,*
2078,+,2085,+,*
2078,+,2095,+,*
2078,+,2097,+,*
2078,+,2102,+,*
2079,+,2080,+,*
2079,+,2082,+,*
2079,+,2085,+,*
2079,+,2091,+,*
2079,+,2093,+,*
2079,+,2095,+,*
2079,+,2103,+,*
2079,+,2105,+,*
2080,+,2081,+,*
2080,+,2082,+,*
2080,+,2083,+,*
2080,+,2086,+,*
2080,+,2088,+,*
2080,+,2091,+,*
2080,+,2097,+,*
2080,+,2103,+,*
2080,+,2108,+,*
2080,+,2115,+,*
2080,+,2116,+,*
2081,+,2082,+,*
2082,+,2083,+,*
2082,+,2086,+,*
2082,+,2114,+,*
2083,+,2095,+,*
2083,+,2098,+,*
2083,+,2115,+,*
2084,+,2094,+,*
2084,+,2104,+,*
2085,+,2096,+,*
2085,+,2101,+,*
2085,+,2107,+,*
2086,+,2088,+,*
2086,+,2108,+,*
2087,+,2088,+,*
2087,+,2103,+,*
2088,+,2089,+,*
2088,+,2094,+,*
2089,+,2094,+,*
2090,+,2091,+,*
2090,+,2099,+,*
2091,+,2092,+,*
2091,+,2094,+,*
2091,+,2095,+,*
2091,+,2104,+,*
2091,+,2106,+,*
2091,+,2109,+,*
2092,+,2093,+,*
2092,+,2111,+,*
2092,+,2113,+,*
2093,+,2094,+,*
2093,+,2100,+,*
2093,+,2109,+,*
2093,+,2110,+,*
2094,+,2095,+,*
2094,+,2097,+,*
2094,+,2099,+,*
2094,+,2103,+,*
2095,+,2096,+,*
2096,+,2097,+,*
2097,+,2098,+,*
2098,+,2099,+,*
2099,+,2100,+,*
2100,+,2101,+,*
2101,+,2102,+,*
2103,+,2104,+,*
2104,+,2105,+,*
2105,+,2106,+,*
2106,+,2107,+,*
2107,+,2108,+,*
2108,+,2109,+,*
2109,+,2110,+,*
2110,+,2111,+,*
2111,+,2112,+,*
2112,+,2113,+,*
2113,+,2114,+,*
2114,+,2115,+,*
2115,+,2116,+,*
