from,to
1,2
2,118
118,119
119,120
120,16
16,121
121,18
18,122
122,20
20,123
123,124
124,22
22,125
125,24
24,126
126,127
127,128
128,129
129,130
130,131
131,132
132,133
133,134
134,135
135,136
136,137
137,138
138,110
110,139
139,140
140,141
141,142
142,143
143,144
144,145
145,146
146,147
147,148
148,149
149,150
150,151
151,152
152,153
153,154
154,155
155,156
156,157
157,158
158,159
159,160
160,161
161,162
162,163
163,164
164,165
165,166
166,167
167,168
168,169
169,170
170,171
171,172
172,173
173,174
174,108
108,175
175,176
176,177
177,178
178,179
179,180
180,181
181,182
182,183
183,270
270,271
271,272
272,273
273,274
274,275
275,276
276,277
277,278
278,279
279,280
280,281
281,282
282,283
283,284
284,285
285,286
286,287
287,288
288,289
289,290
290,291
291,292
292,293
293,294
294,295
295,296
296,216
216,297
297,298
298,299
299,300
300,301
301,302
302,303
303,304
304,305
305,306
306,307
307,308
308,309
309,310
310,311
311,312
312,313
313,314
314,315
315,316
316,317
317,318
318,319
319,320
320,321
321,322
322,323
323,351
351,352
352,353
353,354
354,355
355,356
356,357
357,358
358,359
359,360
360,361
361,362
362,363
363,364
364,365
365,369
369,373
373,375
375,377
377,379
379,383
383,384
384,385
385,387
387,389
389,406
406,407
407,408
408,409
409,410
410,411
411,412
412,413
413,415
415,417
417,419
419,420
420,428
428,429
429,430
430,431
431,432
432,435
435,438
438,440
440,443
443,446
446,449
449,451
451,454
454,455
455,533
533,534
534,535
535,536
536,537
537,538
538,539
539,540
540,541
541,542
542,543
543,544
544,545
545,546
546,547
547,548
548,549
549,550
550,551
551,552
552,553
553,554
554,555
555,556
556,557
557,558
558,559
559,560
560,561
561,562
562,563
563,564
564,565
565,566
566,567
567,568
568,569
569,570
570,571
571,572
572,573
573,574
574,575
575,576
576,577
577,578
578,484
484,579
579,486
486,580
580,581
581,582
582,583
583,584
584,585
585,586
586,587
587,588
588,1093
1093,1094
1094,1095
1095,1096
1096,1097
1097,1098
1098,1099
1099,1061
1061,1100
1100,1101
1101,1102
1102,1103
1103,1104
1104,1105
1105,1106
1106,1107
1107,1108
1108,1109
1109,1110
1110,1111
1111,1112
1112,1113
1113,1114
1114,1115
1115,1116
1116,1117
1117,1118
1118,1119
1119,1120
1120,1121
1121,1122
1122,1123
1123,1124
1124,1125
1125,1126
1126,1127
1127,1128
1128,1129
1129,1130
1130,1131
1131,1132
1132,1133
1133,1134
1134,1135
1135,1136
1136,1137
1137,1138
1138,1139
1139,1140
1140,1141
1141,1142
1142,1143
1143,1144
1144,1145
1145,1146
1146,1147
1147,1148
1148,1149
1149,1150
1150,1151
1151,1152
1152,1153
1153,1154
1154,1155
1155,1156
1156,1157
1157,1069
1069,1158
1158,1159
1159,1160
1160,1161
1161,1162
1162,1163
1163,1164
1164,1165
1165,1166
1166,1167
1167,1168
1168,1169
1169,1170
1170,1171
1171,1172
1172,1173
1173,1174
1174,1175
1175,1176
1176,1177
1177,1178
1178,1179
1179,1180
1180,1181
1181,1182
1182,1183
1183,1184
1184,947
947,1185
1185,1186
1186,1187
1187,1188
1188,1189
1189,1190
1190,1191
1191,1192
1192,1193
1193,1194
1194,1195
1195,1196
1196,1197
1197,1198
1198,1199
1199,1200
1200,1201
1201,1202
1202,1203
1203,1204
1204,1205
1205,1206
1206,1207
1207,1208
1208,1209
1209,1210
1210,1211
1211,1212
1212,1213
1213,1214
1214,1215
1215,1216
1216,1217
1217,1218
1218,1219
1219,1220
1220,1221
1221,1222
1222,1223
1223,1224
1224,1225
1225,1226
1226,1227
1227,1228
1228,1229
1229,1230
1230,1231
1231,1232
1232,1233
1233,1234
1234,1235
1235,1236
1236,1237
1237,1238
1238,1239
1239,1240
1240,1241
1241,1242
1242,1243
1243,1244
1244,1245
1245,1246
1246,1247
1247,1248
1248,1249
1249,1250
1250,667
667,1251
1251,1252
1252,1253
1253,1254
1254,1255
1255,1256
1256,1257
1257,1258
1258,1259
1259,1260
1260,1261
1261,1262
1262,1263
1263,1264
1264,1265
1265,1266
1266,1267
1267,1268
1268,1269
1269,1270
1270,1271
1271,1272
1272,1273
1273,1274
1274,1275
1275,1276
1276,1277
1277,1278
1278,1279
1279,1280
1280,1281
1281,1282
1282,1283
1283,1284
1284,1285
1285,1286
1286,1287
1287,1288
1288,1289
1289,1290
1290,1291
1291,1292
1292,1293
1293,1294
1294,1295
1295,1296
1296,1297
1297,1298
1298,1299
1299,1300
1300,1301
1301,1302
1302,1303
1303,1304
1304,919
919,1305
1305,1306
1306,1307
1307,1308
1308,1309
1309,1310
1310,1311
1311,1312
1312,1313
1313,1314
1314,1315
1315,1316
1316,1317
1317,1318
1318,1319
1319,1320
1320,1321
1321,1322
1322,1323
1323,1324
1324,1325
1325,1326
1326,1327
1327,1328
1328,1329
1329,1330
1330,1331
1331,1332
1332,773
773,1333
1333,1334
1334,1335
1335,1336
1336,1337
1337,1338
1338,1339
1339,1340
1340,1341
1341,1342
1342,1343
1343,1344
1344,845
845,1345
1345,1346
1346,1347
1347,1348
1348,1349
1349,1350
1350,1351
1351,1352
1352,1353
1353,1354
1354,1355
1355,1356
1356,1357
1357,1358
1358,1359
1359,1360
1360,1361
1361,1362
1362,1363
1363,1364
1364,1365
1365,1366
1366,1367
1367,1368
1368,1369
1369,728
728,1370
1370,1371
1371,1372
1372,1373
1373,1374
1374,711
711,1375
1375,1376
1376,1377
1377,1378
1378,1379
1379,1380
1380,1381
1381,1382
1382,1383
1383,1384
1384,1385
1385,1386
1386,1387
1387,1388
1388,1389
1389,1390
1390,1391
1391,1392
1392,1393
1393,875
875,1394
1394,1395
1395,1396
1396,1397
1397,1398
1398,1399
1399,1400
1400,688
688,1401
1401,1402
1402,785
785,930
930,1403
1403,697
697,1404
1404,1405
1405,1406
1406,1407
1407,1408
1408,1409
1409,1410
1410,1412
1412,1414
1414,1416
1416,1419
1419,1421
1421,1423
1423,1426
1426,1427
1427,1437
1437,1438
1438,1439
1439,1440
1440,1443
1443,1446
1446,1448
1448,1456
1456,1457
1457,1458
1458,1461
1461,1462
1462,1469
1469,1468
1468,1470
1470,1474
1474,1477
1477,1480
1480,1482
1482,1497
1497,1498
1498,1499
1499,1500
1500,1501
1501,1502
1502,1503
1503,1504
1504,1538
1538,1539
1539,1540
1540,1541
1541,1542
1542,1543
1543,1544
1544,1545
1545,1546
1546,1547
1547,1548
1548,1549
1549,1550
1550,1551
1551,1552
1552,1555
1555,1558
1558,1559
1559,1561
1561,1563
1563,1565
1565,1568
1568,1569
1569,1604
1604,1605
1605,1606
1606,1607
1607,1608
1608,1609
1609,1610
1610,1595
1595,1611
1611,1612
1612,1613
1613,1614
1614,1615
1615,1616
1616,1602
1602,1617
1617,1618
1618,1620
1620,1622
1622,1625
1625,1628
1628,1633
1633,1634
1634,1636
1636,1640
1640,1645
1645,1646
1646,1647
1647,1676
1676,1677
1677,1678
1678,1679
1679,1680
1680,1681
1681,1682
1682,1683
1683,1684
1684,1685
1685,1686
1686,1687
1687,1688
1688,1689
1689,1690
1690,1691
1691,1665
1665,1694
1694,1697
1697,1700
1700,1703
1703,1705
1705,1708
1708,1731
1731,1732
1732,1733
1733,1734
1734,1735
1735,1736
1736,1737
1737,1738
1738,1739
1739,1740
1740,1741
1741,1742
1742,1743
1743,1744
1744,1745
1745,1746
1746,1747
1747,1748
1748,1749
1749,1750
1750,1754
1754,1755
1755,1757
1757,1759
1759,1762
1762,1764
1764,1767
1767,1768
1768,1795
1795,1796
1796,1797
1797,1798
1798,1799
1799,1800
1800,1801
1801,1802
1802,1803
1803,1804
1804,1805
1805,1806
1806,1807
1807,1808
1808,1809
1809,1810
1810,1811
1811,1812
1812,1813
1813,1814
1814,1817
1817,1818
1818,1820
1820,1821
1821,1825
1825,1827
1827,1830
1830,2033
2033,2034
2034,2035
2035,2036
2036,2037
2037,2038
2038,2039
2039,2040
2040,2041
2041,2042
2042,2043
2043,2044
2044,2045
2045,2046
2046,2047
2047,2048
2048,2049
2049,2050
2050,2051
2051,2052
2052,2053
2053,2054
2054,1902
1902,1903
1903,1982
1982,2055
2055,2056
2056,2057
2057,2058
2058,2059
2059,2060
2060,2061
2061,2062
2062,2063
2063,2064
2064,2065
2065,2066
2066,2067
2067,2068
2068,2069
2069,2070
2070,2071
2071,2072
2072,1869
1869,2073
2073,2074
2074,1963
1963,2075
2075,2076
2076,2077
2077,2078
2078,2079
2079,2080
2080,2081
2081,2082
2082,2083
2083,1988
1988,2084
2084,1860
1860,2085
2085,1999
1999,2086
2086,1961
1961,2087
2087,2088
2088,2089
2089,2031
2031,2090
2090,2091
2091,1866
1866,2092
2092,2093
2093,2094
2094,2095
2095,2096
2096,2097
2097,2098
2098,2099
2099,2100
2100,2101
2101,2102
2102,1898
1898,2103
2103,2104
2104,2105
2105,2106
2106,2107
2107,2108
2108,2109
2109,2110
2110,2111
2111,2112
2112,2113
2113,2114
2114,2115
2115,2116
